direction,clip,frame,start_ms,end_ms,root_forward,left_planted,left_forward,left_lift,left_sole_x,left_sole_y,left_heel_x,left_heel_y,left_toe_x,left_toe_y,left_knee_x,left_knee_y,right_planted,right_forward,right_lift,right_sole_x,right_sole_y,right_heel_x,right_heel_y,right_toe_x,right_toe_y,right_knee_x,right_knee_y
N,walk,1,0.0,33.333333,1.0,True,14.0,0,120.0,198.100505,120.0,200.928932,120.0,193.857864,120.0,178.489794,True,-10.0,0,136.0,215.071068,136.0,217.899495,136.0,210.828427,136.0,190.54431
N,walk,2,33.333333,66.666667,3.0,True,12.0,0,120.0,199.514719,120.0,202.343146,120.0,195.272078,120.0,178.60514,True,-12.0,0,136.0,216.485281,136.0,219.313708,136.0,212.242641,136.0,192.0116
N,walk,3,66.666667,100.0,5.0,True,10.0,0,120.0,200.928932,120.0,203.757359,120.0,196.686292,120.0,179.026748,True,-14.0,0,136.0,217.899495,136.0,220.727922,136.0,213.656854,136.0,193.485636
N,walk,4,100.0,133.333333,7.0,True,8.0,0,120.0,202.343146,120.0,205.171573,120.0,198.100505,120.0,179.709984,False,-14.73251,0.24123,136.0,218.246883,136.0,221.07531,136.0,214.004242,136.0,193.876288
N,walk,5,133.333333,166.666667,9.0,True,6.0,0,120.0,203.757359,120.0,206.585786,120.0,199.514719,120.0,180.604863,False,-12.777778,2.0,136.0,215.62104,136.0,218.449467,136.0,211.378399,136.0,191.458043
N,walk,6,166.666667,200.0,11.0,True,4.0,0,120.0,205.171573,120.0,208.0,120.0,200.928932,120.0,181.656886,False,-9.341564,4.694593,136.0,211.285905,136.0,214.114332,136.0,207.043264,136.0,187.352348
N,walk,7,200.0,233.333333,13.0,True,2.0,0,120.0,206.585786,120.0,209.414214,120.0,202.343146,120.0,182.811665,False,-4.917695,7.064178,136.0,206.482208,136.0,209.310635,136.0,202.239567,136.0,182.400864
N,walk,8,233.333333,266.666667,15.0,True,0.0,0,120.0,208.0,120.0,210.828427,120.0,203.757359,120.0,184.021829,False,0.0,8.0,136.0,202.343146,136.0,205.171573,136.0,198.100505,136.0,177.851942
N,walk,9,266.666667,300.0,17.0,True,-2.0,0,120.0,209.414214,120.0,212.242641,120.0,205.171573,120.0,185.255568,False,4.917695,7.064178,136.0,199.527536,136.0,202.355963,136.0,195.284895,136.0,175.246291
N,walk,10,300.0,333.333333,19.0,True,-4.0,0,120.0,210.828427,120.0,213.656854,120.0,206.585786,120.0,186.505082,False,9.341564,4.694593,136.0,198.074939,136.0,200.903366,136.0,193.832298,136.0,175.155521
N,walk,11,333.333333,366.666667,21.0,True,-6.0,0,120.0,212.242641,120.0,215.071068,120.0,208.0,120.0,187.787444,False,12.777778,2.0,136.0,197.550533,136.0,200.37896,136.0,193.307892,136.0,176.788631
N,walk,12,366.666667,400.0,23.0,True,-8.0,0,120.0,213.656854,120.0,216.485281,120.0,209.414214,120.0,189.129783,False,14.73251,0.24123,136.0,197.411967,136.0,200.240394,136.0,193.169326,136.0,178.412981
N,walk,13,400.0,433.333333,25.0,True,-10.0,0,120.0,215.071068,120.0,217.899495,120.0,210.828427,120.0,190.54431,True,14.0,0,136.0,198.100505,136.0,200.928932,136.0,193.857864,136.0,178.489794
N,walk,14,433.333333,466.666667,27.0,True,-12.0,0,120.0,216.485281,120.0,219.313708,120.0,212.242641,120.0,192.0116,True,12.0,0,136.0,199.514719,136.0,202.343146,136.0,195.272078,136.0,178.60514
N,walk,15,466.666667,500.0,29.0,True,-14.0,0,120.0,217.899495,120.0,220.727922,120.0,213.656854,120.0,193.485636,True,10.0,0,136.0,200.928932,136.0,203.757359,136.0,196.686292,136.0,179.026748
N,walk,16,500.0,533.333333,31.0,False,-14.73251,0.24123,120.0,218.246883,120.0,221.07531,120.0,214.004242,120.0,193.876288,True,8.0,0,136.0,202.343146,136.0,205.171573,136.0,198.100505,136.0,179.709984
N,walk,17,533.333333,566.666667,33.0,False,-12.777778,2.0,120.0,215.62104,120.0,218.449467,120.0,211.378399,120.0,191.458043,True,6.0,0,136.0,203.757359,136.0,206.585786,136.0,199.514719,136.0,180.604863
N,walk,18,566.666667,600.0,35.0,False,-9.341564,4.694593,120.0,211.285905,120.0,214.114332,120.0,207.043264,120.0,187.352348,True,4.0,0,136.0,205.171573,136.0,208.0,136.0,200.928932,136.0,181.656886
N,walk,19,600.0,633.333333,37.0,False,-4.917695,7.064178,120.0,206.482208,120.0,209.310635,120.0,202.239567,120.0,182.400864,True,2.0,0,136.0,206.585786,136.0,209.414214,136.0,202.343146,136.0,182.811665
N,walk,20,633.333333,666.666667,39.0,False,0.0,8.0,120.0,202.343146,120.0,205.171573,120.0,198.100505,120.0,177.851942,True,0.0,0,136.0,208.0,136.0,210.828427,136.0,203.757359,136.0,184.021829
N,walk,21,666.666667,700.0,41.0,False,4.917695,7.064178,120.0,199.527536,120.0,202.355963,120.0,195.284895,120.0,175.246291,True,-2.0,0,136.0,209.414214,136.0,212.242641,136.0,205.171573,136.0,185.255568
N,walk,22,700.0,733.333333,43.0,False,9.341564,4.694593,120.0,198.074939,120.0,200.903366,120.0,193.832298,120.0,175.155521,True,-4.0,0,136.0,210.828427,136.0,213.656854,136.0,206.585786,136.0,186.505082
N,walk,23,733.333333,766.666667,45.0,False,12.777778,2.0,120.0,197.550533,120.0,200.37896,120.0,193.307892,120.0,176.788631,True,-6.0,0,136.0,212.242641,136.0,215.071068,136.0,208.0,136.0,187.787444
N,walk,24,766.666667,800.0,47.0,False,14.73251,0.24123,120.0,197.411967,120.0,200.240394,120.0,193.169326,120.0,178.412981,True,-8.0,0,136.0,213.656854,136.0,216.485281,136.0,209.414214,136.0,189.129783
N,idle,1,0.0,400.0,0,True,0,0,120.0,208.0,120.0,210.828427,120.0,203.757359,120.0,183.88187,True,0,0,136.0,208.0,136.0,210.828427,136.0,203.757359,136.0,183.88187
N,idle,2,400.0,800.0,0,True,0,0,120.0,208.0,120.0,210.828427,120.0,203.757359,120.0,183.88187,True,0,0,136.0,208.0,136.0,210.828427,136.0,203.757359,136.0,183.88187
N,idle,3,800.0,1200.0,0,True,0,0,120.0,208.0,120.0,210.828427,120.0,203.757359,120.0,183.88187,True,0,0,136.0,208.0,136.0,210.828427,136.0,203.757359,136.0,183.88187
N,idle,4,1200.0,1600.0,0,True,0,0,120.0,208.0,120.0,210.828427,120.0,203.757359,120.0,183.88187,True,0,0,136.0,208.0,136.0,210.828427,136.0,203.757359,136.0,183.88187
N,idle,5,1600.0,2000.0,0,True,0,0,120.0,208.0,120.0,210.828427,120.0,203.757359,120.0,183.88187,True,0,0,136.0,208.0,136.0,210.828427,136.0,203.757359,136.0,183.88187
N,idle,6,2000.0,2400.0,0,True,0,0,120.0,208.0,120.0,210.828427,120.0,203.757359,120.0,183.88187,True,0,0,136.0,208.0,136.0,210.828427,136.0,203.757359,136.0,183.88187
N,start,1,0.0,33.333333,0.008742,False,0.20525,0.24123,120.0,207.684291,120.0,210.512718,120.0,203.44165,120.0,183.548111,True,-0.008742,0,136.0,208.006181,136.0,210.834608,136.0,203.763541,136.0,183.887011
N,start,2,33.333333,66.666667,0.12209,False,1.655688,2.0,120.0,205.415038,120.0,208.243465,120.0,201.172398,120.0,181.182869,True,-0.12209,0,136.0,208.086331,136.0,210.914758,136.0,203.84369,136.0,183.953831
N,start,3,66.666667,100.0,0.416022,False,4.110727,4.694593,120.0,201.773699,120.0,204.602126,120.0,197.531058,120.0,177.523598,True,-0.416022,0,136.0,208.294172,136.0,211.122599,136.0,204.051531,136.0,184.128397
N,start,4,100.0,133.333333,0.932876,False,7.132968,7.064178,120.0,197.961102,120.0,200.789529,120.0,193.718461,120.0,173.937371,True,-0.932876,0,136.0,208.659643,136.0,211.48807,136.0,204.417002,136.0,184.439756
N,start,5,133.333333,166.666667,1.705181,False,10.294819,8.0,120.0,195.06361,120.0,197.892037,120.0,190.820969,120.0,171.713528,True,-1.705181,0,136.0,209.205745,136.0,212.034172,136.0,204.963104,136.0,184.914958
N,start,6,166.666667,200.0,2.760139,False,13.174017,7.064178,120.0,193.689435,120.0,196.517862,120.0,189.446794,120.0,171.541548,True,-2.760139,0,136.0,209.951713,136.0,212.78014,136.0,205.709072,136.0,185.581896
N,start,7,200.0,233.333333,4.121474,False,15.351777,4.694593,120.0,193.825076,120.0,196.653503,120.0,189.582435,120.0,173.267866,True,-4.121474,0,136.0,210.914322,136.0,213.742749,136.0,206.671681,136.0,186.469529
N,start,8,233.333333,266.666667,5.81042,False,16.411802,2.0,120.0,194.98089,120.0,197.809317,120.0,190.738249,120.0,176.033749,True,-5.81042,0,136.0,212.108587,136.0,214.937014,136.0,207.865947,136.0,187.606169
N,start,9,266.666667,300.0,7.846318,False,15.93969,0.24123,120.0,196.558362,120.0,199.386789,120.0,192.315721,120.0,178.22662,True,-7.846318,0,136.0,213.548185,136.0,216.376612,136.0,209.305544,136.0,189.01595
N,stop_left,1,0.0,33.333333,1.204115,True,13.795885,0,120.0,198.244836,120.0,201.073263,120.0,194.002196,120.0,178.649645,False,-9.990123,0.24123,136.0,214.893509,136.0,217.721936,136.0,210.650868,136.0,190.366119
N,stop_left,2,33.333333,66.666667,3.611111,True,11.388889,0,120.0,199.946839,120.0,202.775267,120.0,195.704199,120.0,179.048562,False,-10.833333,2.0,136.0,214.24611,136.0,217.074537,136.0,210.003469,136.0,189.884796
N,stop_left,3,66.666667,100.0,5.958848,True,9.041152,0,120.0,201.60694,120.0,204.435367,120.0,197.364299,120.0,179.68273,False,-10.432099,4.694593,136.0,212.057029,136.0,214.885457,136.0,207.814389,136.0,188.168173
N,stop_left,4,100.0,133.333333,8.178189,True,6.821811,0,120.0,203.176251,120.0,206.004679,120.0,198.933611,120.0,180.476269,False,-9.112346,7.064178,136.0,209.448273,136.0,212.276701,136.0,205.205633,136.0,186.01762
N,stop_left,5,133.333333,166.666667,10.2,True,4.8,0,120.0,204.605887,120.0,207.434315,120.0,200.363247,120.0,181.345473,False,-7.2,8.0,136.0,207.434315,136.0,210.262742,136.0,203.191674,136.0,183.952163
N,stop_left,6,166.666667,200.0,11.955144,True,3.044856,0,120.0,205.846962,120.0,208.675389,120.0,201.604321,120.0,182.201619,False,-5.020988,7.064178,136.0,206.555246,136.0,209.383674,136.0,202.312606,136.0,182.531323
N,stop_left,7,200.0,233.333333,13.374486,True,1.625514,0,120.0,206.850588,120.0,209.679015,120.0,202.607947,120.0,182.956252,False,-2.901235,4.694593,136.0,206.731904,136.0,209.560331,136.0,202.489264,136.0,182.247821
N,stop_left,8,233.333333,266.666667,14.388889,True,0.611111,0,120.0,207.567879,120.0,210.396306,120.0,203.325239,120.0,183.526657,False,-1.166667,2.0,136.0,207.410744,136.0,210.239171,136.0,203.168104,136.0,182.949091
N,stop_left,9,266.666667,300.0,14.929218,True,0.070782,0,120.0,207.94995,120.0,210.778377,120.0,203.707309,120.0,183.8403,False,-0.14321,0.24123,136.0,207.93069,136.0,210.759117,136.0,203.688049,136.0,183.754633
N,stop_right,1,0.0,33.333333,1.204115,False,-9.990123,0.24123,120.0,214.893509,120.0,217.721936,120.0,210.650868,120.0,190.366119,True,13.795885,0,136.0,198.244836,136.0,201.073263,136.0,194.002196,136.0,178.649645
N,stop_right,2,33.333333,66.666667,3.611111,False,-10.833333,2.0,120.0,214.24611,120.0,217.074537,120.0,210.003469,120.0,189.884796,True,11.388889,0,136.0,199.946839,136.0,202.775267,136.0,195.704199,136.0,179.048562
N,stop_right,3,66.666667,100.0,5.958848,False,-10.432099,4.694593,120.0,212.057029,120.0,214.885457,120.0,207.814389,120.0,188.168173,True,9.041152,0,136.0,201.60694,136.0,204.435367,136.0,197.364299,136.0,179.68273
N,stop_right,4,100.0,133.333333,8.178189,False,-9.112346,7.064178,120.0,209.448273,120.0,212.276701,120.0,205.205633,120.0,186.01762,True,6.821811,0,136.0,203.176251,136.0,206.004679,136.0,198.933611,136.0,180.476269
N,stop_right,5,133.333333,166.666667,10.2,False,-7.2,8.0,120.0,207.434315,120.0,210.262742,120.0,203.191674,120.0,183.952163,True,4.8,0,136.0,204.605887,136.0,207.434315,136.0,200.363247,136.0,181.345473
N,stop_right,6,166.666667,200.0,11.955144,False,-5.020988,7.064178,120.0,206.555246,120.0,209.383674,120.0,202.312606,120.0,182.531323,True,3.044856,0,136.0,205.846962,136.0,208.675389,136.0,201.604321,136.0,182.201619
N,stop_right,7,200.0,233.333333,13.374486,False,-2.901235,4.694593,120.0,206.731904,120.0,209.560331,120.0,202.489264,120.0,182.247821,True,1.625514,0,136.0,206.850588,136.0,209.679015,136.0,202.607947,136.0,182.956252
N,stop_right,8,233.333333,266.666667,14.388889,False,-1.166667,2.0,120.0,207.410744,120.0,210.239171,120.0,203.168104,120.0,182.949091,True,0.611111,0,136.0,207.567879,136.0,210.396306,136.0,203.325239,136.0,183.526657
N,stop_right,9,266.666667,300.0,14.929218,False,-0.14321,0.24123,120.0,207.93069,120.0,210.759117,120.0,203.688049,120.0,183.754633,True,0.070782,0,136.0,207.94995,136.0,210.778377,136.0,203.707309,136.0,183.8403
NE,walk,1,0.0,33.333333,1.0,True,14.0,0,132.242641,197.0,129.414214,199.0,136.485281,194.0,133.52396,177.764579,True,-10.0,0,126.585786,217.0,123.757359,219.0,130.828427,214.0,137.384925,195.636236
NE,walk,2,33.333333,66.666667,3.0,True,12.0,0,130.828427,198.0,128.0,200.0,135.071068,195.0,133.617513,177.907326,True,-12.0,0,125.171573,218.0,122.343146,220.0,129.414214,215.0,136.445941,196.828505
NE,walk,3,66.666667,100.0,5.0,True,10.0,0,129.414214,199.0,126.585786,201.0,133.656854,196.0,133.506709,178.29648,True,-14.0,0,123.757359,219.0,120.928932,221.0,128.0,216.0,135.325185,197.974278
NE,walk,4,100.0,133.333333,7.0,True,8.0,0,128.0,200.0,125.171573,202.0,132.242641,197.0,133.181876,178.884574,False,-14.73251,0.24123,123.239396,219.19568,120.410969,221.19568,127.482037,216.19568,134.970343,198.261001
NE,walk,5,133.333333,166.666667,9.0,True,6.0,0,126.585786,201.0,123.757359,203.0,130.828427,198.0,132.646776,179.622726,False,-12.777778,2.0,124.621601,216.974675,121.793174,218.974675,128.864242,213.974675,136.904327,196.409205
NE,walk,6,166.666667,200.0,11.0,True,4.0,0,125.171573,202.0,122.343146,204.0,129.414214,199.0,131.92721,180.463994,False,-9.341564,4.694593,127.051371,213.351204,124.222944,215.351204,131.294012,210.351204,139.746412,193.135938
NE,walk,7,200.0,233.333333,13.0,True,2.0,0,123.757359,203.0,120.928932,205.0,128.0,200.0,131.074888,181.369133,False,-4.917695,7.064178,130.179518,209.46372,127.351091,211.46372,134.422159,206.46372,142.624387,189.027394
NE,walk,8,233.333333,266.666667,15.0,True,0.0,0,122.343146,204.0,119.514719,206.0,126.585786,201.0,130.161414,182.311747,False,0.0,8.0,133.656854,206.343146,130.828427,208.343146,137.899495,203.343146,144.816582,185.120551
NE,walk,9,266.666667,300.0,17.0,True,-2.0,0,120.928932,205.0,118.100505,207.0,125.171573,202.0,129.260131,183.281506,False,4.917695,7.064178,137.13419,204.546024,134.305763,206.546024,141.376831,201.546024,145.877978,182.825775
NE,walk,10,300.0,333.333333,19.0,True,-4.0,0,119.514719,206.0,116.686292,208.0,123.757359,203.0,128.419757,184.28488,False,9.341564,4.694593,140.262337,204.00964,137.43391,206.00964,144.504978,201.00964,145.91494,182.745831
NE,walk,11,333.333333,366.666667,21.0,True,-6.0,0,118.100505,207.0,115.272078,209.0,122.343146,204.0,127.642768,185.339668,False,12.777778,2.0,142.692108,204.196898,139.86368,206.196898,146.934748,201.196898,145.300039,184.198841
NE,walk,12,366.666667,400.0,23.0,True,-8.0,0,116.686292,208.0,113.857864,210.0,120.928932,205.0,126.883995,186.459767,False,14.73251,0.24123,144.074312,204.46317,141.245885,206.46317,148.316953,201.46317,144.701785,185.647967
NE,walk,13,400.0,433.333333,25.0,True,-10.0,0,115.272078,209.0,112.443651,211.0,119.514719,206.0,126.071216,187.636236,True,14.0,0,143.556349,205.0,140.727922,207.0,147.79899,202.0,144.837669,185.764579
NE,walk,14,433.333333,466.666667,27.0,True,-12.0,0,113.857864,210.0,111.029437,212.0,118.100505,207.0,125.132232,188.828505,True,12.0,0,142.142136,206.0,139.313708,208.0,146.384776,203.0,144.931222,185.907326
NE,walk,15,466.666667,500.0,29.0,True,-14.0,0,112.443651,211.0,109.615224,213.0,116.686292,208.0,124.011477,189.974278,True,10.0,0,140.727922,207.0,137.899495,209.0,144.970563,204.0,144.820418,186.29648
NE,walk,16,500.0,533.333333,31.0,False,-14.73251,0.24123,111.925688,211.19568,109.097261,213.19568,116.168329,208.19568,123.656635,190.261001,True,8.0,0,139.313708,208.0,136.485281,210.0,143.556349,205.0,144.495584,186.884574
NE,walk,17,533.333333,566.666667,33.0,False,-12.777778,2.0,113.307892,208.974675,110.479465,210.974675,117.550533,205.974675,125.590619,188.409205,True,6.0,0,137.899495,209.0,135.071068,211.0,142.142136,206.0,143.960484,187.622726
NE,walk,18,566.666667,600.0,35.0,False,-9.341564,4.694593,115.737663,205.351204,112.909236,207.351204,119.980303,202.351204,128.432703,185.135938,True,4.0,0,136.485281,210.0,133.656854,212.0,140.727922,207.0,143.240919,188.463994
NE,walk,19,600.0,633.333333,37.0,False,-4.917695,7.064178,118.86581,201.46372,116.037383,203.46372,123.108451,198.46372,131.310679,181.027394,True,2.0,0,135.071068,211.0,132.242641,213.0,139.313708,208.0,142.388596,189.369133
NE,walk,20,633.333333,666.666667,39.0,False,0.0,8.0,122.343146,198.343146,119.514719,200.343146,126.585786,195.343146,133.502874,177.120551,True,0.0,0,133.656854,212.0,130.828427,214.0,137.899495,209.0,141.475122,190.311747
NE,walk,21,666.666667,700.0,41.0,False,4.917695,7.064178,125.820482,196.546024,122.992054,198.546024,130.063122,193.546024,134.564269,174.825775,True,-2.0,0,132.242641,213.0,129.414214,215.0,136.485281,210.0,140.573839,191.281506
NE,walk,22,700.0,733.333333,43.0,False,9.341564,4.694593,128.948629,196.00964,126.120202,198.00964,133.19127,193.00964,134.601232,174.745831,True,-4.0,0,130.828427,214.0,128.0,216.0,135.071068,211.0,139.733466,192.28488
NE,walk,23,733.333333,766.666667,45.0,False,12.777778,2.0,131.378399,196.196898,128.549972,198.196898,135.62104,193.196898,133.98633,176.198841,True,-6.0,0,129.414214,215.0,126.585786,217.0,133.656854,212.0,138.956476,193.339668
NE,walk,24,766.666667,800.0,47.0,False,14.73251,0.24123,132.760604,196.46317,129.932177,198.46317,137.003244,193.46317,133.388076,177.647967,True,-8.0,0,128.0,216.0,125.171573,218.0,132.242641,213.0,138.197704,194.459767
NE,idle,1,0.0,400.0,0,True,0,0,122.343146,204.0,119.514719,206.0,126.585786,201.0,130.551373,182.286004,True,0,0,133.656854,212.0,130.828427,214.0,137.899495,209.0,141.865082,190.286004
NE,idle,2,400.0,800.0,0,True,0,0,122.343146,204.0,119.514719,206.0,126.585786,201.0,130.551373,182.286004,True,0,0,133.656854,212.0,130.828427,214.0,137.899495,209.0,141.865082,190.286004
NE,idle,3,800.0,1200.0,0,True,0,0,122.343146,204.0,119.514719,206.0,126.585786,201.0,130.551373,182.286004,True,0,0,133.656854,212.0,130.828427,214.0,137.899495,209.0,141.865082,190.286004
NE,idle,4,1200.0,1600.0,0,True,0,0,122.343146,204.0,119.514719,206.0,126.585786,201.0,130.551373,182.286004,True,0,0,133.656854,212.0,130.828427,214.0,137.899495,209.0,141.865082,190.286004
NE,idle,5,1600.0,2000.0,0,True,0,0,122.343146,204.0,119.514719,206.0,126.585786,201.0,130.551373,182.286004,True,0,0,133.656854,212.0,130.828427,214.0,137.899495,209.0,141.865082,190.286004
NE,idle,6,2000.0,2400.0,0,True,0,0,122.343146,204.0,119.514719,206.0,126.585786,201.0,130.551373,182.286004,True,0,0,133.656854,212.0,130.828427,214.0,137.899495,209.0,141.865082,190.286004
NE,start,1,0.0,33.333333,0.008742,False,0.20525,0.24123,122.48828,203.7268,119.659852,205.7268,126.73092,200.7268,130.750627,182.010605,True,-0.008742,0,133.650673,212.004371,130.822246,214.004371,137.893314,209.004371,141.86199,190.29024
NE,start,2,33.333333,66.666667,0.12209,False,1.655688,2.0,123.513894,201.757942,120.685467,203.757942,127.756535,198.757942,132.083919,180.035876,True,-0.12209,0,133.570524,212.061045,130.742097,214.061045,137.813164,209.061045,141.821753,190.345274
NE,start,3,66.666667,100.0,0.416022,False,4.110727,4.694593,125.249869,198.625058,122.421441,200.625058,129.492509,195.625058,133.881847,176.903205,True,-0.416022,0,133.362682,212.208011,130.534255,214.208011,137.605323,209.208011,141.716098,190.488895
NE,start,4,100.0,133.333333,0.932876,False,7.132968,7.064178,127.386916,195.438388,124.558489,197.438388,131.629556,192.438388,135.327009,173.740256,True,-0.932876,0,132.997211,212.466438,130.168784,214.466438,137.239852,209.466438,141.52572,190.744494
NE,start,5,133.333333,166.666667,1.705181,False,10.294819,8.0,129.622682,193.195736,126.794255,195.195736,133.865323,190.195736,136.052037,171.728769,True,-1.705181,0,132.451109,212.852591,129.622682,214.852591,136.69375,209.852591,141.230342,191.133181
NE,start,6,166.666667,200.0,2.760139,False,13.174017,7.064178,131.658583,192.417863,128.830156,194.417863,135.901224,189.417863,136.102138,171.571464,True,-2.760139,0,131.705141,213.380069,128.876714,215.380069,135.947782,210.380069,140.805785,191.67577
NE,start,7,200.0,233.333333,4.121474,False,15.351777,4.694593,133.198492,193.004533,130.370064,195.004533,137.441132,190.004533,135.559888,173.13896,True,-4.121474,0,130.742532,214.060737,127.914105,216.060737,134.985173,211.060737,140.222114,192.392449
NE,start,8,233.333333,266.666667,5.81042,False,16.411802,2.0,133.948042,194.379885,131.119615,196.379885,138.190683,191.379885,134.521483,175.600702,True,-5.81042,0,129.548267,214.90521,126.71984,216.90521,133.790908,211.90521,139.442268,193.300678
NE,start,9,266.666667,300.0,7.846318,False,15.93969,0.24123,133.614209,195.85958,130.785782,197.85958,137.856849,192.85958,133.561269,177.512332,True,-7.846318,0,128.10867,215.923159,125.280242,217.923159,132.35131,212.923159,138.420907,194.411309
NE,stop_left,1,0.0,33.333333,1.204115,True,13.795885,0,132.098309,197.102058,129.269882,199.102058,136.34095,194.102058,133.362649,177.877182,False,-9.990123,0.24123,126.59277,216.824487,123.764343,218.824487,130.835411,213.824487,137.381095,195.456924
NE,stop_left,2,33.333333,66.666667,3.611111,True,11.388889,0,130.396306,198.305556,127.567879,200.305556,134.638947,195.305556,133.171429,178.220092,False,-10.833333,2.0,125.996531,216.002453,123.168104,218.002453,130.239171,213.002453,137.759133,195.086326
NE,stop_left,3,66.666667,100.0,5.958848,True,9.041152,0,128.736206,199.479424,125.907779,201.479424,132.978847,196.479424,132.859632,178.762937,False,-10.432099,4.694593,126.280246,213.896471,123.451819,215.896471,130.522887,210.896471,139.042554,193.745608
NE,stop_left,4,100.0,133.333333,8.178189,True,6.821811,0,127.166894,200.589095,124.338467,202.589095,131.409535,197.589095,132.455988,179.438251,False,-9.112346,7.064178,127.213453,211.561045,124.385026,213.561045,131.456094,208.561045,140.521973,192.028367
NE,stop_left,5,133.333333,166.666667,10.2,True,4.8,0,125.737258,201.6,122.908831,203.6,129.979899,198.6,131.996606,180.172906,False,-7.2,8.0,128.565685,209.943146,125.737258,211.943146,132.808326,206.943146,141.822759,190.343901
NE,stop_left,6,166.666667,200.0,11.955144,True,3.044856,0,124.496184,202.477572,121.667757,204.477572,128.738825,199.477572,131.526374,180.891324,False,-5.020988,7.064178,130.10648,209.515366,127.278053,211.515366,134.349121,206.515366,142.654253,189.1666
NE,stop_left,7,200.0,233.333333,13.374486,True,1.625514,0,123.492558,203.187243,120.664131,205.187243,127.735199,200.187243,131.097119,181.520232,False,-2.901235,4.694593,131.605372,210.131039,128.776944,212.131039,135.848012,207.131039,142.814201,188.929946
NE,stop_left,8,233.333333,266.666667,14.388889,True,0.611111,0,122.775267,203.694444,119.946839,205.694444,127.017907,200.694444,130.763339,181.992875,False,-1.166667,2.0,132.831896,211.16912,130.003469,213.16912,137.074537,208.16912,142.414967,189.514283
NE,stop_left,9,266.666667,300.0,14.929218,True,0.070782,0,122.393196,203.964609,119.564769,205.964609,126.635837,200.964609,130.576344,182.251748,False,-0.14321,0.24123,133.55559,211.90103,130.727162,213.90103,137.79823,208.90103,141.941373,190.181112
NE,stop_right,1,0.0,33.333333,1.204115,False,-9.990123,0.24123,115.279062,208.824487,112.450635,210.824487,119.521702,205.824487,126.067387,187.456924,True,13.795885,0,143.412018,205.102058,140.583591,207.102058,147.654659,202.102058,144.676357,185.877182
NE,stop_right,2,33.333333,66.666667,3.611111,False,-10.833333,2.0,114.682822,208.002453,111.854395,210.002453,118.925463,205.002453,126.445424,187.086326,True,11.388889,0,141.710015,206.305556,138.881588,208.305556,145.952656,203.305556,144.485138,186.220092
NE,stop_right,3,66.666667,100.0,5.958848,False,-10.432099,4.694593,114.966538,205.896471,112.138111,207.896471,119.209179,202.896471,127.728846,185.745608,True,9.041152,0,140.049914,207.479424,137.221487,209.479424,144.292555,204.479424,144.173341,186.762937
NE,stop_right,4,100.0,133.333333,8.178189,False,-9.112346,7.064178,115.899744,203.561045,113.071317,205.561045,120.142385,200.561045,129.208264,184.028367,True,6.821811,0,138.480603,208.589095,135.652176,210.589095,142.723244,205.589095,143.769696,187.438251
NE,stop_right,5,133.333333,166.666667,10.2,False,-7.2,8.0,117.251977,201.943146,114.42355,203.943146,121.494618,198.943146,130.50905,182.343901,True,4.8,0,137.050967,209.6,134.22254,211.6,141.293607,206.6,143.310314,188.172906
NE,stop_right,6,166.666667,200.0,11.955144,False,-5.020988,7.064178,118.792771,201.515366,115.964344,203.515366,123.035412,198.515366,131.340545,181.1666,True,3.044856,0,135.809893,210.477572,132.981465,212.477572,140.052533,207.477572,142.840082,188.891324
NE,stop_right,7,200.0,233.333333,13.374486,False,-2.901235,4.694593,120.291663,202.131039,117.463236,204.131039,124.534304,199.131039,131.500493,180.929946,True,1.625514,0,134.806267,211.187243,131.977839,213.187243,139.048907,208.187243,142.410827,189.520232
NE,stop_right,8,233.333333,266.666667,14.388889,False,-1.166667,2.0,121.518188,203.16912,118.689761,205.16912,125.760829,200.16912,131.101258,181.514283,True,0.611111,0,134.088975,211.694444,131.260548,213.694444,138.331616,208.694444,142.077048,189.992875
NE,stop_right,9,266.666667,300.0,14.929218,False,-0.14321,0.24123,122.241881,203.90103,119.413454,205.90103,126.484522,200.90103,130.627664,182.181112,True,0.070782,0,133.706905,211.964609,130.878477,213.964609,137.949545,208.964609,141.890052,190.251748
E,walk,1,0.0,33.333333,1.0,True,14.0,0,142.0,202.343146,138.0,202.343146,148.0,202.343146,143.81206,184.013754,True,-10.0,0,118.0,213.656854,114.0,213.656854,124.0,213.656854,133.272288,199.929234
E,walk,2,33.333333,66.666667,3.0,True,12.0,0,140.0,202.343146,136.0,202.343146,146.0,202.343146,143.944364,184.222654,True,-12.0,0,116.0,213.656854,112.0,213.656854,122.0,213.656854,131.944364,200.457541
E,walk,3,66.666667,100.0,5.0,True,10.0,0,138.0,202.343146,134.0,202.343146,144.0,202.343146,143.787663,184.533458,True,-14.0,0,114.0,213.656854,110.0,213.656854,120.0,213.656854,130.359377,200.810821
E,walk,4,100.0,133.333333,7.0,True,8.0,0,136.0,202.343146,132.0,202.343146,142.0,202.343146,143.328279,184.891859,False,-14.73251,0.24123,113.26749,213.486279,109.26749,213.486279,119.26749,213.486279,129.857554,200.846632
E,walk,5,133.333333,166.666667,9.0,True,6.0,0,134.0,202.343146,130.0,202.343146,140.0,202.343146,142.571533,185.251639,False,-12.777778,2.0,115.222222,212.242641,111.222222,212.242641,121.222222,212.242641,132.59262,200.36237
E,walk,6,166.666667,200.0,11.0,True,4.0,0,132.0,202.343146,128.0,202.343146,138.0,202.343146,141.553914,185.584096,False,-9.341564,4.694593,118.658436,210.337276,114.658436,210.337276,124.658436,210.337276,136.611935,199.09876
E,walk,7,200.0,233.333333,13.0,True,2.0,0,130.0,202.343146,126.0,202.343146,136.0,202.343146,140.348548,185.886552,False,-4.917695,7.064178,123.082305,208.661726,119.082305,208.661726,129.082305,208.661726,140.682007,197.025252
E,walk,8,233.333333,266.666667,15.0,True,0.0,0,128.0,202.343146,124.0,202.343146,134.0,202.343146,139.056701,186.183243,False,0.0,8.0,128.0,208.0,124.0,208.0,134.0,208.0,143.782239,194.668525
E,walk,9,266.666667,300.0,17.0,True,-2.0,0,126.0,202.343146,122.0,202.343146,132.0,202.343146,137.782094,186.515699,False,4.917695,7.064178,132.917695,208.661726,128.917695,208.661726,138.917695,208.661726,145.283279,193.124269
E,walk,10,300.0,333.333333,19.0,True,-4.0,0,124.0,202.343146,120.0,202.343146,130.0,202.343146,136.593627,186.924839,False,9.341564,4.694593,137.341564,210.337276,133.341564,210.337276,143.341564,210.337276,145.335551,193.070461
E,walk,11,333.333333,366.666667,21.0,True,-6.0,0,122.0,202.343146,118.0,202.343146,128.0,202.343146,135.494797,187.430212,False,12.777778,2.0,140.777778,212.242641,136.777778,212.242641,146.777778,212.242641,144.465949,194.08867
E,walk,12,366.666667,400.0,23.0,True,-8.0,0,120.0,202.343146,116.0,202.343146,126.0,202.343146,134.421731,188.013778,False,14.73251,0.24123,142.73251,213.486279,138.73251,213.486279,148.73251,213.486279,143.61989,195.114766
E,walk,13,400.0,433.333333,25.0,True,-10.0,0,118.0,202.343146,114.0,202.343146,124.0,202.343146,133.272288,188.615526,True,14.0,0,142.0,213.656854,138.0,213.656854,148.0,213.656854,143.81206,195.327463
E,walk,14,433.333333,466.666667,27.0,True,-12.0,0,116.0,202.343146,112.0,202.343146,122.0,202.343146,131.944364,189.143832,True,12.0,0,140.0,213.656854,136.0,213.656854,146.0,213.656854,143.944364,195.536362
E,walk,15,466.666667,500.0,29.0,True,-14.0,0,114.0,202.343146,110.0,202.343146,120.0,202.343146,130.359377,189.497112,True,10.0,0,138.0,213.656854,134.0,213.656854,144.0,213.656854,143.787663,195.847166
E,walk,16,500.0,533.333333,31.0,False,-14.73251,0.24123,113.26749,202.172571,109.26749,202.172571,119.26749,202.172571,129.857554,189.532923,True,8.0,0,136.0,213.656854,132.0,213.656854,142.0,213.656854,143.328279,196.205568
E,walk,17,533.333333,566.666667,33.0,False,-12.777778,2.0,115.222222,200.928932,111.222222,200.928932,121.222222,200.928932,132.59262,189.048661,True,6.0,0,134.0,213.656854,130.0,213.656854,140.0,213.656854,142.571533,196.565347
E,walk,18,566.666667,600.0,35.0,False,-9.341564,4.694593,118.658436,199.023567,114.658436,199.023567,124.658436,199.023567,136.611935,187.785051,True,4.0,0,132.0,213.656854,128.0,213.656854,138.0,213.656854,141.553914,196.897805
E,walk,19,600.0,633.333333,37.0,False,-4.917695,7.064178,123.082305,197.348018,119.082305,197.348018,129.082305,197.348018,140.682007,185.711543,True,2.0,0,130.0,213.656854,126.0,213.656854,136.0,213.656854,140.348548,197.200261
E,walk,20,633.333333,666.666667,39.0,False,0.0,8.0,128.0,196.686292,124.0,196.686292,134.0,196.686292,143.782239,183.354816,True,0.0,0,128.0,213.656854,124.0,213.656854,134.0,213.656854,139.056701,197.496952
E,walk,21,666.666667,700.0,41.0,False,4.917695,7.064178,132.917695,197.348018,128.917695,197.348018,138.917695,197.348018,145.283279,181.81056,True,-2.0,0,126.0,213.656854,122.0,213.656854,132.0,213.656854,137.782094,197.829407
E,walk,22,700.0,733.333333,43.0,False,9.341564,4.694593,137.341564,199.023567,133.341564,199.023567,143.341564,199.023567,145.335551,181.756752,True,-4.0,0,124.0,213.656854,120.0,213.656854,130.0,213.656854,136.593627,198.238548
E,walk,23,733.333333,766.666667,45.0,False,12.777778,2.0,140.777778,200.928932,136.777778,200.928932,146.777778,200.928932,144.465949,182.774961,True,-6.0,0,122.0,213.656854,118.0,213.656854,128.0,213.656854,135.494797,198.743921
E,walk,24,766.666667,800.0,47.0,False,14.73251,0.24123,142.73251,202.172571,138.73251,202.172571,148.73251,202.172571,143.61989,183.801058,True,-8.0,0,120.0,213.656854,116.0,213.656854,126.0,213.656854,134.421731,199.327487
E,idle,1,0.0,400.0,0,True,0,0,128.0,202.343146,124.0,202.343146,134.0,202.343146,139.608187,186.433243,True,0,0,128.0,213.656854,124.0,213.656854,134.0,213.656854,139.608187,197.746952
E,idle,2,400.0,800.0,0,True,0,0,128.0,202.343146,124.0,202.343146,134.0,202.343146,139.608187,186.433243,True,0,0,128.0,213.656854,124.0,213.656854,134.0,213.656854,139.608187,197.746952
E,idle,3,800.0,1200.0,0,True,0,0,128.0,202.343146,124.0,202.343146,134.0,202.343146,139.608187,186.433243,True,0,0,128.0,213.656854,124.0,213.656854,134.0,213.656854,139.608187,197.746952
E,idle,4,1200.0,1600.0,0,True,0,0,128.0,202.343146,124.0,202.343146,134.0,202.343146,139.608187,186.433243,True,0,0,128.0,213.656854,124.0,213.656854,134.0,213.656854,139.608187,197.746952
E,idle,5,1600.0,2000.0,0,True,0,0,128.0,202.343146,124.0,202.343146,134.0,202.343146,139.608187,186.433243,True,0,0,128.0,213.656854,124.0,213.656854,134.0,213.656854,139.608187,197.746952
E,idle,6,2000.0,2400.0,0,True,0,0,128.0,202.343146,124.0,202.343146,134.0,202.343146,139.608187,186.433243,True,0,0,128.0,213.656854,124.0,213.656854,134.0,213.656854,139.608187,197.746952
E,start,1,0.0,33.333333,0.008742,False,0.20525,0.24123,128.20525,202.172571,124.20525,202.172571,134.20525,202.172571,139.889974,186.298738,True,-0.008742,0,127.991258,213.656854,123.991258,213.656854,133.991258,213.656854,139.603815,197.749002
E,start,2,33.333333,66.666667,0.12209,False,1.655688,2.0,129.655688,200.928932,125.655688,200.928932,135.655688,200.928932,141.775534,185.266788,True,-0.12209,0,127.87791,213.656854,123.87791,213.656854,133.87791,213.656854,139.546911,197.775584
E,start,3,66.666667,100.0,0.416022,False,4.110727,4.694593,132.110727,199.023567,128.110727,199.023567,138.110727,199.023567,144.318188,183.405445,True,-0.416022,0,127.583978,213.656854,123.583978,213.656854,133.583978,213.656854,139.397492,197.844495
E,start,4,100.0,133.333333,0.932876,False,7.132968,7.064178,135.132968,197.348018,131.132968,197.348018,141.132968,197.348018,146.361955,181.264379,True,-0.932876,0,127.067124,213.656854,123.067124,213.656854,133.067124,213.656854,139.128256,197.965476
E,start,5,133.333333,166.666667,1.705181,False,10.294819,8.0,138.294819,196.686292,134.294819,196.686292,144.294819,196.686292,147.387299,179.765564,True,-1.705181,0,126.294819,213.656854,122.294819,213.656854,132.294819,213.656854,138.710529,198.1453
E,start,6,166.666667,200.0,2.760139,False,13.174017,7.064178,141.174017,197.348018,137.174017,197.348018,147.174017,197.348018,147.458154,179.643687,True,-2.760139,0,125.239861,213.656854,121.239861,213.656854,131.239861,213.656854,138.110115,198.387681
E,start,7,200.0,233.333333,4.121474,False,15.351777,4.694593,143.351777,199.023567,139.351777,199.023567,149.351777,199.023567,146.691296,180.827754,True,-4.121474,0,123.878526,213.656854,119.878526,213.656854,129.878526,213.656854,137.28468,198.691643
E,start,8,233.333333,266.666667,5.81042,False,16.411802,2.0,144.411802,200.928932,140.411802,200.928932,150.411802,200.928932,145.22277,182.555232,True,-5.81042,0,122.18958,213.656854,118.18958,213.656854,128.18958,213.656854,136.181811,199.048437
E,start,9,266.666667,300.0,7.846318,False,15.93969,0.24123,143.93969,202.172571,139.93969,202.172571,149.93969,202.172571,143.864822,183.787889,True,-7.846318,0,120.153682,213.656854,116.153682,213.656854,126.153682,213.656854,134.737388,199.436857
E,stop_left,1,0.0,33.333333,1.204115,True,13.795885,0,141.795885,202.343146,137.795885,202.343146,147.795885,202.343146,143.583931,184.012293,False,-9.990123,0.24123,118.009877,213.486279,114.009877,213.486279,124.009877,213.486279,133.266872,199.747214
E,stop_left,2,33.333333,66.666667,3.611111,True,11.388889,0,139.388889,202.343146,135.388889,202.343146,145.388889,202.343146,143.313505,184.219991,False,-10.833333,2.0,117.166667,212.242641,113.166667,212.242641,123.166667,212.242641,133.801498,199.643929
E,stop_left,3,66.666667,100.0,5.958848,True,9.041152,0,137.041152,202.343146,133.041152,202.343146,143.041152,202.343146,142.872558,184.542362,False,-10.432099,4.694593,117.567901,210.337276,113.567901,210.337276,123.567901,210.337276,135.61653,199.210727
E,stop_left,4,100.0,133.333333,8.178189,True,6.821811,0,134.821811,202.343146,130.821811,202.343146,140.821811,202.343146,142.301718,184.932256,False,-9.112346,7.064178,118.887654,208.661726,114.887654,208.661726,124.887654,208.661726,137.708744,198.539593
E,stop_left,5,133.333333,166.666667,10.2,True,4.8,0,132.8,202.343146,128.8,202.343146,138.8,202.343146,141.652054,185.342079,False,-7.2,8.0,120.8,208.0,116.8,208.0,126.8,208.0,139.548333,197.774922
E,stop_left,6,166.666667,200.0,11.955144,True,3.044856,0,131.044856,202.343146,127.044856,202.343146,137.044856,202.343146,140.987046,185.727993,False,-5.020988,7.064178,122.979012,208.661726,118.979012,208.661726,128.979012,208.661726,140.724244,197.185576
E,stop_left,7,200.0,233.333333,13.374486,True,1.625514,0,129.625514,202.343146,125.625514,202.343146,135.625514,202.343146,140.379988,186.053371,False,-2.901235,4.694593,125.098765,210.337276,121.098765,210.337276,131.098765,210.337276,140.950444,197.062022
E,stop_left,8,233.333333,266.666667,14.388889,True,0.611111,0,128.611111,202.343146,124.611111,202.343146,134.611111,202.343146,139.907952,186.289996,False,-1.166667,2.0,126.833333,212.242641,122.833333,212.242641,132.833333,212.242641,140.385841,197.364058
E,stop_left,9,266.666667,300.0,14.929218,True,0.070782,0,128.070782,202.343146,124.070782,202.343146,134.070782,202.343146,139.6435,186.416643,False,-0.14321,0.24123,127.85679,213.486279,123.85679,213.486279,133.85679,213.486279,139.716079,197.696006
E,stop_right,1,0.0,33.333333,1.204115,False,-9.990123,0.24123,118.009877,202.172571,114.009877,202.172571,124.009877,202.172571,133.266872,188.433506,True,13.795885,0,141.795885,213.656854,137.795885,213.656854,147.795885,213.656854,143.583931,195.326002
E,stop_right,2,33.333333,66.666667,3.611111,False,-10.833333,2.0,117.166667,200.928932,113.166667,200.928932,123.166667,200.928932,133.801498,188.33022,True,11.388889,0,139.388889,213.656854,135.388889,213.656854,145.388889,213.656854,143.313505,195.533699
E,stop_right,3,66.666667,100.0,5.958848,False,-10.432099,4.694593,117.567901,199.023567,113.567901,199.023567,123.567901,199.023567,135.61653,187.897019,True,9.041152,0,137.041152,213.656854,133.041152,213.656854,143.041152,213.656854,142.872558,195.85607
E,stop_right,4,100.0,133.333333,8.178189,False,-9.112346,7.064178,118.887654,197.348018,114.887654,197.348018,124.887654,197.348018,137.708744,187.225884,True,6.821811,0,134.821811,213.656854,130.821811,213.656854,140.821811,213.656854,142.301718,196.245965
E,stop_right,5,133.333333,166.666667,10.2,False,-7.2,8.0,120.8,196.686292,116.8,196.686292,126.8,196.686292,139.548333,186.461213,True,4.8,0,132.8,213.656854,128.8,213.656854,138.8,213.656854,141.652054,196.655788
E,stop_right,6,166.666667,200.0,11.955144,False,-5.020988,7.064178,122.979012,197.348018,118.979012,197.348018,128.979012,197.348018,140.724244,185.871868,True,3.044856,0,131.044856,213.656854,127.044856,213.656854,137.044856,213.656854,140.987046,197.041701
E,stop_right,7,200.0,233.333333,13.374486,False,-2.901235,4.694593,125.098765,199.023567,121.098765,199.023567,131.098765,199.023567,140.950444,185.748314,True,1.625514,0,129.625514,213.656854,125.625514,213.656854,135.625514,213.656854,140.379988,197.36708
E,stop_right,8,233.333333,266.666667,14.388889,False,-1.166667,2.0,126.833333,200.928932,122.833333,200.928932,132.833333,200.928932,140.385841,186.050349,True,0.611111,0,128.611111,213.656854,124.611111,213.656854,134.611111,213.656854,139.907952,197.603705
E,stop_right,9,266.666667,300.0,14.929218,False,-0.14321,0.24123,127.85679,202.172571,123.85679,202.172571,133.85679,202.172571,139.716079,186.382297,True,0.070782,0,128.070782,213.656854,124.070782,213.656854,134.070782,213.656854,139.6435,197.730352
SE,walk,1,0.0,33.333333,1.0,True,14.0,0,143.556349,211.0,140.727922,209.0,147.79899,214.0,144.837669,193.576638,True,-10.0,0,115.272078,207.0,112.443651,205.0,119.514719,210.0,126.071216,200.908524
SE,walk,2,33.333333,66.666667,3.0,True,12.0,0,142.142136,210.0,139.313708,208.0,146.384776,213.0,144.931222,193.85169,True,-12.0,0,113.857864,206.0,111.029437,204.0,118.100505,209.0,125.132232,200.772869
SE,walk,3,66.666667,100.0,5.0,True,10.0,0,140.727922,209.0,137.899495,207.0,144.970563,212.0,144.820418,194.084143,True,-14.0,0,112.443651,205.0,109.615224,203.0,116.686292,208.0,124.011477,200.333655
SE,walk,4,100.0,133.333333,7.0,True,8.0,0,139.313708,208.0,136.485281,206.0,143.556349,211.0,144.495584,194.212853,False,-14.73251,0.24123,111.925688,204.46317,109.097261,202.46317,116.168329,207.46317,123.656635,200.118554
SE,walk,5,133.333333,166.666667,9.0,True,6.0,0,137.899495,207.0,135.071068,205.0,142.142136,210.0,143.960484,194.19426,False,-12.777778,2.0,113.307892,204.196898,110.479465,202.196898,117.550533,207.196898,125.590619,201.001826
SE,walk,6,166.666667,200.0,11.0,True,4.0,0,136.485281,206.0,133.656854,204.0,140.727922,209.0,143.240919,194.017908,False,-9.341564,4.694593,115.737663,204.00964,112.909236,202.00964,119.980303,207.00964,128.432703,201.747873
SE,walk,7,200.0,233.333333,13.0,True,2.0,0,135.071068,205.0,132.242641,203.0,139.313708,208.0,142.388596,193.71768,False,-4.917695,7.064178,118.86581,204.546024,116.037383,202.546024,123.108451,207.546024,131.310679,201.709401
SE,walk,8,233.333333,266.666667,15.0,True,0.0,0,133.656854,204.0,130.828427,202.0,137.899495,207.0,141.475122,193.368448,False,0.0,8.0,122.343146,206.343146,119.514719,204.343146,126.585786,209.343146,133.502874,200.90279
SE,walk,9,266.666667,300.0,17.0,True,-2.0,0,132.242641,203.0,129.414214,201.0,136.485281,206.0,140.573839,193.0636,False,4.917695,7.064178,125.820482,209.46372,122.992054,207.46372,130.063122,212.46372,134.564269,200.109054
SE,walk,10,300.0,333.333333,19.0,True,-4.0,0,130.828427,202.0,128.0,200.0,135.071068,205.0,139.733466,192.878507,False,9.341564,4.694593,128.948629,213.351204,126.120202,211.351204,133.19127,216.351204,134.601232,200.081382
SE,walk,11,333.333333,366.666667,21.0,True,-6.0,0,129.414214,201.0,126.585786,199.0,133.656854,204.0,138.956476,192.834465,False,12.777778,2.0,131.378399,216.974675,128.549972,214.974675,135.62104,219.974675,133.98633,200.66479
SE,walk,12,366.666667,400.0,23.0,True,-8.0,0,128.0,200.0,125.171573,198.0,132.242641,203.0,138.197704,192.881498,False,14.73251,0.24123,132.760604,219.19568,129.932177,217.19568,137.003244,222.19568,133.388076,201.267857
SE,walk,13,400.0,433.333333,25.0,True,-10.0,0,126.585786,199.0,123.757359,197.0,130.828427,202.0,137.384925,192.908524,True,14.0,0,132.242641,219.0,129.414214,217.0,136.485281,222.0,133.52396,201.576638
SE,walk,14,433.333333,466.666667,27.0,True,-12.0,0,125.171573,198.0,122.343146,196.0,129.414214,201.0,136.445941,192.772869,True,12.0,0,130.828427,218.0,128.0,216.0,135.071068,221.0,133.617513,201.85169
SE,walk,15,466.666667,500.0,29.0,True,-14.0,0,123.757359,197.0,120.928932,195.0,128.0,200.0,135.325185,192.333655,True,10.0,0,129.414214,217.0,126.585786,215.0,133.656854,220.0,133.506709,202.084143
SE,walk,16,500.0,533.333333,31.0,False,-14.73251,0.24123,123.239396,196.46317,120.410969,194.46317,127.482037,199.46317,134.970343,192.118554,True,8.0,0,128.0,216.0,125.171573,214.0,132.242641,219.0,133.181876,202.212853
SE,walk,17,533.333333,566.666667,33.0,False,-12.777778,2.0,124.621601,196.196898,121.793174,194.196898,128.864242,199.196898,136.904327,193.001826,True,6.0,0,126.585786,215.0,123.757359,213.0,130.828427,218.0,132.646776,202.19426
SE,walk,18,566.666667,600.0,35.0,False,-9.341564,4.694593,127.051371,196.00964,124.222944,194.00964,131.294012,199.00964,139.746412,193.747873,True,4.0,0,125.171573,214.0,122.343146,212.0,129.414214,217.0,131.92721,202.017908
SE,walk,19,600.0,633.333333,37.0,False,-4.917695,7.064178,130.179518,196.546024,127.351091,194.546024,134.422159,199.546024,142.624387,193.709401,True,2.0,0,123.757359,213.0,120.928932,211.0,128.0,216.0,131.074888,201.71768
SE,walk,20,633.333333,666.666667,39.0,False,0.0,8.0,133.656854,198.343146,130.828427,196.343146,137.899495,201.343146,144.816582,192.90279,True,0.0,0,122.343146,212.0,119.514719,210.0,126.585786,215.0,130.161414,201.368448
SE,walk,21,666.666667,700.0,41.0,False,4.917695,7.064178,137.13419,201.46372,134.305763,199.46372,141.376831,204.46372,145.877978,192.109054,True,-2.0,0,120.928932,211.0,118.100505,209.0,125.171573,214.0,129.260131,201.0636
SE,walk,22,700.0,733.333333,43.0,False,9.341564,4.694593,140.262337,205.351204,137.43391,203.351204,144.504978,208.351204,145.91494,192.081382,True,-4.0,0,119.514719,210.0,116.686292,208.0,123.757359,213.0,128.419757,200.878507
SE,walk,23,733.333333,766.666667,45.0,False,12.777778,2.0,142.692108,208.974675,139.86368,206.974675,146.934748,211.974675,145.300039,192.66479,True,-6.0,0,118.100505,209.0,115.272078,207.0,122.343146,212.0,127.642768,200.834465
SE,walk,24,766.666667,800.0,47.0,False,14.73251,0.24123,144.074312,211.19568,141.245885,209.19568,148.316953,214.19568,144.701785,193.267857,True,-8.0,0,116.686292,208.0,113.857864,206.0,120.928932,211.0,126.883995,200.881498
SE,idle,1,0.0,400.0,0,True,0,0,133.656854,204.0,130.828427,202.0,137.899495,207.0,141.865082,193.894191,True,0,0,122.343146,212.0,119.514719,210.0,126.585786,215.0,130.551373,201.894191
SE,idle,2,400.0,800.0,0,True,0,0,133.656854,204.0,130.828427,202.0,137.899495,207.0,141.865082,193.894191,True,0,0,122.343146,212.0,119.514719,210.0,126.585786,215.0,130.551373,201.894191
SE,idle,3,800.0,1200.0,0,True,0,0,133.656854,204.0,130.828427,202.0,137.899495,207.0,141.865082,193.894191,True,0,0,122.343146,212.0,119.514719,210.0,126.585786,215.0,130.551373,201.894191
SE,idle,4,1200.0,1600.0,0,True,0,0,133.656854,204.0,130.828427,202.0,137.899495,207.0,141.865082,193.894191,True,0,0,122.343146,212.0,119.514719,210.0,126.585786,215.0,130.551373,201.894191
SE,idle,5,1600.0,2000.0,0,True,0,0,133.656854,204.0,130.828427,202.0,137.899495,207.0,141.865082,193.894191,True,0,0,122.343146,212.0,119.514719,210.0,126.585786,215.0,130.551373,201.894191
SE,idle,6,2000.0,2400.0,0,True,0,0,133.656854,204.0,130.828427,202.0,137.899495,207.0,141.865082,193.894191,True,0,0,122.343146,212.0,119.514719,210.0,126.585786,215.0,130.551373,201.894191
SE,start,1,0.0,33.333333,0.008742,False,0.20525,0.24123,133.801988,203.93205,130.973561,201.93205,138.044629,206.93205,142.064335,193.900579,True,-0.008742,0,122.336965,211.995629,119.508537,209.995629,126.579605,214.995629,130.548282,201.894055
SE,start,2,33.333333,66.666667,0.12209,False,1.655688,2.0,134.827602,203.41363,131.999175,201.41363,139.070243,206.41363,143.397628,193.81141,True,-0.12209,0,122.256815,211.938955,119.428388,209.938955,126.499456,214.938955,130.508045,201.892185
SE,start,3,66.666667,100.0,0.416022,False,4.110727,4.694593,136.563577,202.735785,133.73515,200.735785,140.806218,205.735785,145.195555,193.221393,True,-0.416022,0,122.048974,211.791989,119.220547,209.791989,126.291614,214.791989,130.40239,201.886387
SE,start,4,100.0,133.333333,0.932876,False,7.132968,7.064178,138.700624,202.571356,135.872197,200.571356,142.943265,205.571356,146.640717,192.102211,True,-0.932876,0,121.683503,211.533562,118.855076,209.533562,125.926144,214.533562,130.212011,201.87275
SE,start,5,133.333333,166.666667,1.705181,False,10.294819,8.0,140.93639,203.490555,138.107963,201.490555,145.179031,206.490555,147.365745,191.116068,True,-1.705181,0,121.137401,211.147409,118.308973,209.147409,125.380041,214.147409,129.916633,201.84371
SE,start,6,166.666667,200.0,2.760139,False,13.174017,7.064178,142.972291,205.591881,140.143864,203.591881,147.214932,208.591881,147.415847,191.029618,True,-2.760139,0,120.391433,210.619931,117.563006,208.619931,124.634073,213.619931,129.492077,201.785885
SE,start,7,200.0,233.333333,4.121474,False,15.351777,4.694593,144.5122,208.35631,141.683773,206.35631,148.754841,211.35631,146.873596,191.830256,True,-4.121474,0,119.428824,209.939263,116.600397,207.939263,123.671464,212.939263,128.908406,201.677129
SE,start,8,233.333333,266.666667,5.81042,False,16.411802,2.0,145.261751,210.791688,142.433324,208.791688,149.504392,213.791688,145.835192,192.823472,True,-5.81042,0,118.234558,209.09479,115.406131,207.09479,122.477199,212.09479,128.12856,201.482488
SE,start,9,266.666667,300.0,7.846318,False,15.93969,0.24123,144.927917,211.79927,142.09949,209.79927,149.170558,214.79927,144.874977,193.377154,True,-7.846318,0,116.794961,208.076841,113.966534,206.076841,121.037602,211.076841,127.107199,201.148697
SE,stop_left,1,0.0,33.333333,1.204115,True,13.795885,0,143.412018,210.897942,140.583591,208.897942,147.654659,213.897942,144.676357,193.461113,False,-9.990123,0.24123,115.279062,206.834363,112.450635,204.834363,119.521702,209.834363,126.067387,200.723796
SE,stop_left,2,33.333333,66.666667,3.611111,True,11.388889,0,141.710015,209.694444,138.881588,207.694444,145.952656,212.694444,144.485138,193.533597,False,-10.833333,2.0,114.682822,205.16912,111.854395,203.16912,118.925463,208.16912,126.445424,200.887824
SE,stop_left,3,66.666667,100.0,5.958848,True,9.041152,0,140.049914,208.520576,137.221487,206.520576,144.292555,211.520576,144.173341,193.635495,False,-10.432099,4.694593,114.966538,203.464372,112.138111,201.464372,119.209179,206.464372,127.728846,201.362138
SE,stop_left,4,100.0,133.333333,8.178189,True,6.821811,0,138.480603,207.410905,135.652176,205.410905,142.723244,210.410905,143.769696,193.73997,False,-9.112346,7.064178,115.899744,202.448699,113.071317,200.448699,120.142385,205.448699,129.208264,201.73711
SE,stop_left,5,133.333333,166.666667,10.2,True,4.8,0,137.050967,206.4,134.22254,204.4,141.293607,209.4,143.310314,193.824961,False,-7.2,8.0,117.251977,202.743146,114.42355,200.743146,121.494618,205.743146,130.50905,201.892234
SE,stop_left,6,166.666667,200.0,11.955144,True,3.044856,0,135.809893,205.522428,132.981465,203.522428,140.052533,208.522428,142.840082,193.87837,False,-5.020988,7.064178,118.792771,204.494378,115.964344,202.494378,123.035412,207.494378,131.340545,201.890844
SE,stop_left,7,200.0,233.333333,13.374486,True,1.625514,0,134.806267,204.812757,131.977839,202.812757,139.048907,207.812757,142.410827,193.900219,False,-2.901235,4.694593,120.291663,207.229804,117.463236,205.229804,124.534304,210.229804,131.500493,201.88039
SE,stop_left,8,233.333333,266.666667,14.388889,True,0.611111,0,134.088975,204.305556,131.260548,202.305556,138.331616,207.305556,142.077048,193.900827,False,-1.166667,2.0,121.518188,210.002453,118.689761,208.002453,125.760829,213.002453,131.101258,201.900124
SE,stop_left,9,266.666667,300.0,14.929218,True,0.070782,0,133.706905,204.035391,130.878477,202.035391,137.949545,207.035391,141.890052,193.895248,False,-0.14321,0.24123,122.241881,211.75782,119.413454,209.75782,126.484522,214.75782,130.627664,201.897191
SE,stop_right,1,0.0,33.333333,1.204115,False,-9.990123,0.24123,126.59277,198.834363,123.764343,196.834363,130.835411,201.834363,137.381095,192.723796,True,13.795885,0,132.098309,218.897942,129.269882,216.897942,136.34095,221.897942,133.362649,201.461113
SE,stop_right,2,33.333333,66.666667,3.611111,False,-10.833333,2.0,125.996531,197.16912,123.168104,195.16912,130.239171,200.16912,137.759133,192.887824,True,11.388889,0,130.396306,217.694444,127.567879,215.694444,134.638947,220.694444,133.171429,201.533597
SE,stop_right,3,66.666667,100.0,5.958848,False,-10.432099,4.694593,126.280246,195.464372,123.451819,193.464372,130.522887,198.464372,139.042554,193.362138,True,9.041152,0,128.736206,216.520576,125.907779,214.520576,132.978847,219.520576,132.859632,201.635495
SE,stop_right,4,100.0,133.333333,8.178189,False,-9.112346,7.064178,127.213453,194.448699,124.385026,192.448699,131.456094,197.448699,140.521973,193.73711,True,6.821811,0,127.166894,215.410905,124.338467,213.410905,131.409535,218.410905,132.455988,201.73997
SE,stop_right,5,133.333333,166.666667,10.2,False,-7.2,8.0,128.565685,194.743146,125.737258,192.743146,132.808326,197.743146,141.822759,193.892234,True,4.8,0,125.737258,214.4,122.908831,212.4,129.979899,217.4,131.996606,201.824961
SE,stop_right,6,166.666667,200.0,11.955144,False,-5.020988,7.064178,130.10648,196.494378,127.278053,194.494378,134.349121,199.494378,142.654253,193.890844,True,3.044856,0,124.496184,213.522428,121.667757,211.522428,128.738825,216.522428,131.526374,201.87837
SE,stop_right,7,200.0,233.333333,13.374486,False,-2.901235,4.694593,131.605372,199.229804,128.776944,197.229804,135.848012,202.229804,142.814201,193.88039,True,1.625514,0,123.492558,212.812757,120.664131,210.812757,127.735199,215.812757,131.097119,201.900219
SE,stop_right,8,233.333333,266.666667,14.388889,False,-1.166667,2.0,132.831896,202.002453,130.003469,200.002453,137.074537,205.002453,142.414967,193.900124,True,0.611111,0,122.775267,212.305556,119.946839,210.305556,127.017907,215.305556,130.763339,201.900827
SE,stop_right,9,266.666667,300.0,14.929218,False,-0.14321,0.24123,133.55559,203.75782,130.727162,201.75782,137.79823,206.75782,141.941373,193.897191,True,0.070782,0,122.393196,212.035391,119.564769,210.035391,126.635837,215.035391,130.576344,201.895248
S,walk,1,0.0,33.333333,1.0,True,14.0,0,136.0,217.899495,136.0,215.071068,136.0,222.142136,136.0,200.851423,True,-10.0,0,120.0,200.928932,120.0,198.100505,120.0,205.171573,120.0,198.000451
S,walk,2,33.333333,66.666667,3.0,True,12.0,0,136.0,216.485281,136.0,213.656854,136.0,220.727922,136.0,201.153876,True,-12.0,0,120.0,199.514719,120.0,196.686292,120.0,203.757359,120.0,197.589773
S,walk,3,66.666667,100.0,5.0,True,10.0,0,136.0,215.071068,136.0,212.242641,136.0,219.313708,136.0,201.353875,True,-14.0,0,120.0,198.100505,120.0,195.272078,120.0,202.343146,120.0,196.822298
S,walk,4,100.0,133.333333,7.0,True,8.0,0,136.0,213.656854,136.0,210.828427,136.0,217.899495,136.0,201.387443,False,-14.73251,0.24123,120.0,197.411967,120.0,194.58354,120.0,201.654608,120.0,196.503266
S,walk,5,133.333333,166.666667,9.0,True,6.0,0,136.0,212.242641,136.0,209.414214,136.0,216.485281,136.0,201.212123,False,-12.777778,2.0,120.0,197.550533,120.0,194.722106,120.0,201.793174,120.0,197.952988
S,walk,6,166.666667,200.0,11.0,True,4.0,0,136.0,210.828427,136.0,208.0,136.0,215.071068,136.0,200.825015,False,-9.341564,4.694593,120.0,198.074939,120.0,195.246511,120.0,202.317579,120.0,199.531463
S,walk,7,200.0,233.333333,13.0,True,2.0,0,136.0,209.414214,136.0,206.585786,136.0,213.656854,136.0,200.275148,False,-4.917695,7.064178,120.0,199.527536,120.0,196.699109,120.0,203.770177,120.0,200.33593
S,walk,8,233.333333,266.666667,15.0,True,0.0,0,136.0,208.0,136.0,205.171573,136.0,212.242641,136.0,199.658365,False,0.0,8.0,120.0,202.343146,120.0,199.514719,120.0,206.585786,120.0,200.171398
S,walk,9,266.666667,300.0,17.0,True,-2.0,0,136.0,206.585786,136.0,203.757359,136.0,210.828427,136.0,199.089538,False,4.917695,7.064178,120.0,206.482208,120.0,203.653781,120.0,210.724848,120.0,199.688538
S,walk,10,300.0,333.333333,19.0,True,-4.0,0,136.0,205.171573,136.0,202.343146,136.0,209.414214,136.0,198.658305,False,9.341564,4.694593,120.0,211.285905,120.0,208.457478,120.0,215.528545,120.0,199.671693
S,walk,11,333.333333,366.666667,21.0,True,-6.0,0,136.0,203.757359,136.0,200.928932,136.0,208.0,136.0,198.386688,False,12.777778,2.0,120.0,215.62104,120.0,212.792613,120.0,219.86368,120.0,200.075
S,walk,12,366.666667,400.0,23.0,True,-8.0,0,136.0,202.343146,136.0,199.514719,136.0,206.585786,136.0,198.211482,False,14.73251,0.24123,120.0,218.246883,120.0,215.418456,120.0,222.489524,120.0,200.502842
S,walk,13,400.0,433.333333,25.0,True,-10.0,0,136.0,200.928932,136.0,198.100505,136.0,205.171573,136.0,198.000451,True,14.0,0,120.0,217.899495,120.0,215.071068,120.0,222.142136,120.0,200.851423
S,walk,14,433.333333,466.666667,27.0,True,-12.0,0,136.0,199.514719,136.0,196.686292,136.0,203.757359,136.0,197.589773,True,12.0,0,120.0,216.485281,120.0,213.656854,120.0,220.727922,120.0,201.153876
S,walk,15,466.666667,500.0,29.0,True,-14.0,0,136.0,198.100505,136.0,195.272078,136.0,202.343146,136.0,196.822298,True,10.0,0,120.0,215.071068,120.0,212.242641,120.0,219.313708,120.0,201.353875
S,walk,16,500.0,533.333333,31.0,False,-14.73251,0.24123,136.0,197.411967,136.0,194.58354,136.0,201.654608,136.0,196.503266,True,8.0,0,120.0,213.656854,120.0,210.828427,120.0,217.899495,120.0,201.387443
S,walk,17,533.333333,566.666667,33.0,False,-12.777778,2.0,136.0,197.550533,136.0,194.722106,136.0,201.793174,136.0,197.952988,True,6.0,0,120.0,212.242641,120.0,209.414214,120.0,216.485281,120.0,201.212123
S,walk,18,566.666667,600.0,35.0,False,-9.341564,4.694593,136.0,198.074939,136.0,195.246511,136.0,202.317579,136.0,199.531463,True,4.0,0,120.0,210.828427,120.0,208.0,120.0,215.071068,120.0,200.825015
S,walk,19,600.0,633.333333,37.0,False,-4.917695,7.064178,136.0,199.527536,136.0,196.699109,136.0,203.770177,136.0,200.33593,True,2.0,0,120.0,209.414214,120.0,206.585786,120.0,213.656854,120.0,200.275148
S,walk,20,633.333333,666.666667,39.0,False,0.0,8.0,136.0,202.343146,136.0,199.514719,136.0,206.585786,136.0,200.171398,True,0.0,0,120.0,208.0,120.0,205.171573,120.0,212.242641,120.0,199.658365
S,walk,21,666.666667,700.0,41.0,False,4.917695,7.064178,136.0,206.482208,136.0,203.653781,136.0,210.724848,136.0,199.688538,True,-2.0,0,120.0,206.585786,120.0,203.757359,120.0,210.828427,120.0,199.089538
S,walk,22,700.0,733.333333,43.0,False,9.341564,4.694593,136.0,211.285905,136.0,208.457478,136.0,215.528545,136.0,199.671693,True,-4.0,0,120.0,205.171573,120.0,202.343146,120.0,209.414214,120.0,198.658305
S,walk,23,733.333333,766.666667,45.0,False,12.777778,2.0,136.0,215.62104,136.0,212.792613,136.0,219.86368,136.0,200.075,True,-6.0,0,120.0,203.757359,120.0,200.928932,120.0,208.0,120.0,198.386688
S,walk,24,766.666667,800.0,47.0,False,14.73251,0.24123,136.0,218.246883,136.0,215.418456,136.0,222.489524,136.0,200.502842,True,-8.0,0,120.0,202.343146,120.0,199.514719,120.0,206.585786,120.0,198.211482
S,idle,1,0.0,400.0,0,True,0,0,136.0,208.0,136.0,205.171573,136.0,212.242641,136.0,200.298325,True,0,0,120.0,208.0,120.0,205.171573,120.0,212.242641,120.0,200.298325
S,idle,2,400.0,800.0,0,True,0,0,136.0,208.0,136.0,205.171573,136.0,212.242641,136.0,200.298325,True,0,0,120.0,208.0,120.0,205.171573,120.0,212.242641,120.0,200.298325
S,idle,3,800.0,1200.0,0,True,0,0,136.0,208.0,136.0,205.171573,136.0,212.242641,136.0,200.298325,True,0,0,120.0,208.0,120.0,205.171573,120.0,212.242641,120.0,200.298325
S,idle,4,1200.0,1600.0,0,True,0,0,136.0,208.0,136.0,205.171573,136.0,212.242641,136.0,200.298325,True,0,0,120.0,208.0,120.0,205.171573,120.0,212.242641,120.0,200.298325
S,idle,5,1600.0,2000.0,0,True,0,0,136.0,208.0,136.0,205.171573,136.0,212.242641,136.0,200.298325,True,0,0,120.0,208.0,120.0,205.171573,120.0,212.242641,120.0,200.298325
S,idle,6,2000.0,2400.0,0,True,0,0,136.0,208.0,136.0,205.171573,136.0,212.242641,136.0,200.298325,True,0,0,120.0,208.0,120.0,205.171573,120.0,212.242641,120.0,200.298325
S,start,1,0.0,33.333333,0.008742,False,0.20525,0.24123,136.0,207.974559,136.0,205.146132,136.0,212.217199,136.0,200.363074,True,-0.008742,0,120.0,207.993819,120.0,205.165392,120.0,212.236459,120.0,200.297284
S,start,2,33.333333,66.666667,0.12209,False,1.655688,2.0,136.0,207.756535,136.0,204.928107,136.0,211.999175,136.0,200.664416,True,-0.12209,0,120.0,207.913669,120.0,205.085242,120.0,212.15631,120.0,200.283628
S,start,3,66.666667,100.0,0.416022,False,4.110727,4.694593,136.0,207.587144,136.0,204.758717,136.0,211.829785,136.0,200.601,True,-0.416022,0,120.0,207.705828,120.0,204.877401,120.0,211.948469,120.0,200.246885
S,start,4,100.0,133.333333,0.932876,False,7.132968,7.064178,136.0,208.048642,136.0,205.220215,136.0,212.291283,136.0,199.905097,True,-0.932876,0,120.0,207.340357,120.0,204.51193,120.0,211.582998,120.0,200.177487
S,start,5,133.333333,166.666667,1.705181,False,10.294819,8.0,136.0,209.622682,136.0,206.794255,136.0,213.865323,136.0,199.13131,True,-1.705181,0,120.0,206.794255,120.0,203.965828,120.0,211.036896,120.0,200.061933
S,start,6,166.666667,200.0,2.760139,False,13.174017,7.064178,136.0,212.320309,136.0,209.491882,136.0,216.56295,136.0,199.059533,True,-2.760139,0,120.0,206.048287,120.0,203.21986,120.0,210.290928,120.0,199.879758
S,start,7,200.0,233.333333,4.121474,False,15.351777,4.694593,136.0,215.535767,136.0,212.70734,136.0,219.778408,136.0,199.70135,True,-4.121474,0,120.0,205.085678,120.0,202.257251,120.0,209.328319,120.0,199.600049
S,start,8,233.333333,266.666667,5.81042,False,16.411802,2.0,136.0,218.190683,136.0,215.362256,136.0,222.433324,136.0,200.390424,True,-5.81042,0,120.0,203.891413,120.0,201.062986,120.0,208.134053,120.0,199.176997
S,start,9,266.666667,300.0,7.846318,False,15.93969,0.24123,136.0,219.100488,136.0,216.272061,136.0,223.343129,136.0,200.662866,True,-7.846318,0,120.0,202.451815,120.0,199.623388,120.0,206.694456,120.0,198.544055
S,stop_left,1,0.0,33.333333,1.204115,True,13.795885,0,136.0,217.755164,136.0,214.926737,136.0,221.997804,136.0,200.688651,False,-9.990123,0.24123,120.0,200.765341,120.0,197.936914,120.0,205.007982,120.0,197.814601
S,stop_left,2,33.333333,66.666667,3.611111,True,11.388889,0,136.0,216.053161,136.0,213.224733,136.0,220.295801,136.0,200.705128,False,-10.833333,2.0,120.0,198.925463,120.0,196.097036,120.0,203.168104,120.0,198.089353
S,stop_left,3,66.666667,100.0,5.958848,True,9.041152,0,136.0,214.39306,136.0,211.564633,136.0,218.635701,136.0,200.715703,False,-10.432099,4.694593,120.0,197.303814,120.0,194.475387,120.0,201.546455,120.0,198.939573
S,stop_left,4,100.0,133.333333,8.178189,True,6.821811,0,136.0,212.823749,136.0,209.995321,136.0,217.066389,136.0,200.701952,False,-9.112346,7.064178,120.0,196.561471,120.0,193.733043,120.0,200.804111,120.0,199.747857
S,stop_left,5,133.333333,166.666667,10.2,True,4.8,0,136.0,211.394113,136.0,208.565685,136.0,215.636753,136.0,200.652394,False,-7.2,8.0,120.0,197.251977,120.0,194.42355,120.0,201.494618,120.0,200.283972
S,stop_left,6,166.666667,200.0,11.955144,True,3.044856,0,136.0,210.153038,136.0,207.324611,136.0,214.395679,136.0,200.568075,False,-5.020988,7.064178,120.0,199.454498,120.0,196.62607,120.0,203.697138,120.0,200.526121
S,stop_left,7,200.0,233.333333,13.374486,True,1.625514,0,136.0,209.149412,136.0,206.320985,136.0,213.392053,136.0,200.464199,False,-2.901235,4.694593,120.0,202.628939,120.0,199.800512,120.0,206.87158,120.0,200.562515
S,stop_left,8,233.333333,266.666667,14.388889,True,0.611111,0,136.0,208.432121,136.0,205.603694,136.0,212.674761,136.0,200.367044,False,-1.166667,2.0,120.0,205.760829,120.0,202.932401,120.0,210.003469,120.0,200.465316
S,stop_left,9,266.666667,300.0,14.929218,True,0.070782,0,136.0,208.05005,136.0,205.221623,136.0,212.292691,136.0,200.306696,False,-0.14321,0.24123,120.0,207.72816,120.0,204.899733,120.0,211.970801,120.0,200.32367
S,stop_right,1,0.0,33.333333,1.204115,False,-9.990123,0.24123,136.0,200.765341,136.0,197.936914,136.0,205.007982,136.0,197.814601,True,13.795885,0,120.0,217.755164,120.0,214.926737,120.0,221.997804,120.0,200.688651
S,stop_right,2,33.333333,66.666667,3.611111,False,-10.833333,2.0,136.0,198.925463,136.0,196.097036,136.0,203.168104,136.0,198.089353,True,11.388889,0,120.0,216.053161,120.0,213.224733,120.0,220.295801,120.0,200.705128
S,stop_right,3,66.666667,100.0,5.958848,False,-10.432099,4.694593,136.0,197.303814,136.0,194.475387,136.0,201.546455,136.0,198.939573,True,9.041152,0,120.0,214.39306,120.0,211.564633,120.0,218.635701,120.0,200.715703
S,stop_right,4,100.0,133.333333,8.178189,False,-9.112346,7.064178,136.0,196.561471,136.0,193.733043,136.0,200.804111,136.0,199.747857,True,6.821811,0,120.0,212.823749,120.0,209.995321,120.0,217.066389,120.0,200.701952
S,stop_right,5,133.333333,166.666667,10.2,False,-7.2,8.0,136.0,197.251977,136.0,194.42355,136.0,201.494618,136.0,200.283972,True,4.8,0,120.0,211.394113,120.0,208.565685,120.0,215.636753,120.0,200.652394
S,stop_right,6,166.666667,200.0,11.955144,False,-5.020988,7.064178,136.0,199.454498,136.0,196.62607,136.0,203.697138,136.0,200.526121,True,3.044856,0,120.0,210.153038,120.0,207.324611,120.0,214.395679,120.0,200.568075
S,stop_right,7,200.0,233.333333,13.374486,False,-2.901235,4.694593,136.0,202.628939,136.0,199.800512,136.0,206.87158,136.0,200.562515,True,1.625514,0,120.0,209.149412,120.0,206.320985,120.0,213.392053,120.0,200.464199
S,stop_right,8,233.333333,266.666667,14.388889,False,-1.166667,2.0,136.0,205.760829,136.0,202.932401,136.0,210.003469,136.0,200.465316,True,0.611111,0,120.0,208.432121,120.0,205.603694,120.0,212.674761,120.0,200.367044
S,stop_right,9,266.666667,300.0,14.929218,False,-0.14321,0.24123,136.0,207.72816,136.0,204.899733,136.0,211.970801,136.0,200.32367,True,0.070782,0,120.0,208.05005,120.0,205.221623,120.0,212.292691,120.0,200.306696
SW,walk,1,0.0,33.333333,1.0,True,14.0,0,123.757359,219.0,126.585786,217.0,119.514719,222.0,122.47604,201.576638,True,-10.0,0,129.414214,199.0,132.242641,197.0,125.171573,202.0,118.615075,192.908524
SW,walk,2,33.333333,66.666667,3.0,True,12.0,0,125.171573,218.0,128.0,216.0,120.928932,221.0,122.382487,201.85169,True,-12.0,0,130.828427,198.0,133.656854,196.0,126.585786,201.0,119.554059,192.772869
SW,walk,3,66.666667,100.0,5.0,True,10.0,0,126.585786,217.0,129.414214,215.0,122.343146,220.0,122.493291,202.084143,True,-14.0,0,132.242641,197.0,135.071068,195.0,128.0,200.0,120.674815,192.333655
SW,walk,4,100.0,133.333333,7.0,True,8.0,0,128.0,216.0,130.828427,214.0,123.757359,219.0,122.818124,202.212853,False,-14.73251,0.24123,132.760604,196.46317,135.589031,194.46317,128.517963,199.46317,121.029657,192.118554
SW,walk,5,133.333333,166.666667,9.0,True,6.0,0,129.414214,215.0,132.242641,213.0,125.171573,218.0,123.353224,202.19426,False,-12.777778,2.0,131.378399,196.196898,134.206826,194.196898,127.135758,199.196898,119.095673,193.001826
SW,walk,6,166.666667,200.0,11.0,True,4.0,0,130.828427,214.0,133.656854,212.0,126.585786,217.0,124.07279,202.017908,False,-9.341564,4.694593,128.948629,196.00964,131.777056,194.00964,124.705988,199.00964,116.253588,193.747873
SW,walk,7,200.0,233.333333,13.0,True,2.0,0,132.242641,213.0,135.071068,211.0,128.0,216.0,124.925112,201.71768,False,-4.917695,7.064178,125.820482,196.546024,128.648909,194.546024,121.577841,199.546024,113.375613,193.709401
SW,walk,8,233.333333,266.666667,15.0,True,0.0,0,133.656854,212.0,136.485281,210.0,129.414214,215.0,125.838586,201.368448,False,0.0,8.0,122.343146,198.343146,125.171573,196.343146,118.100505,201.343146,111.183418,192.90279
SW,walk,9,266.666667,300.0,17.0,True,-2.0,0,135.071068,211.0,137.899495,209.0,130.828427,214.0,126.739869,201.0636,False,4.917695,7.064178,118.86581,201.46372,121.694237,199.46372,114.623169,204.46372,110.122022,192.109054
SW,walk,10,300.0,333.333333,19.0,True,-4.0,0,136.485281,210.0,139.313708,208.0,132.242641,213.0,127.580243,200.878507,False,9.341564,4.694593,115.737663,205.351204,118.56609,203.351204,111.495022,208.351204,110.08506,192.081382
SW,walk,11,333.333333,366.666667,21.0,True,-6.0,0,137.899495,209.0,140.727922,207.0,133.656854,212.0,128.357232,200.834465,False,12.777778,2.0,113.307892,208.974675,116.13632,206.974675,109.065252,211.974675,110.699961,192.66479
SW,walk,12,366.666667,400.0,23.0,True,-8.0,0,139.313708,208.0,142.142136,206.0,135.071068,211.0,129.116005,200.881498,False,14.73251,0.24123,111.925688,211.19568,114.754115,209.19568,107.683047,214.19568,111.298215,193.267857
SW,walk,13,400.0,433.333333,25.0,True,-10.0,0,140.727922,207.0,143.556349,205.0,136.485281,210.0,129.928784,200.908524,True,14.0,0,112.443651,211.0,115.272078,209.0,108.20101,214.0,111.162331,193.576638
SW,walk,14,433.333333,466.666667,27.0,True,-12.0,0,142.142136,206.0,144.970563,204.0,137.899495,209.0,130.867768,200.772869,True,12.0,0,113.857864,210.0,116.686292,208.0,109.615224,213.0,111.068778,193.85169
SW,walk,15,466.666667,500.0,29.0,True,-14.0,0,143.556349,205.0,146.384776,203.0,139.313708,208.0,131.988523,200.333655,True,10.0,0,115.272078,209.0,118.100505,207.0,111.029437,212.0,111.179582,194.084143
SW,walk,16,500.0,533.333333,31.0,False,-14.73251,0.24123,144.074312,204.46317,146.902739,202.46317,139.831671,207.46317,132.343365,200.118554,True,8.0,0,116.686292,208.0,119.514719,206.0,112.443651,211.0,111.504416,194.212853
SW,walk,17,533.333333,566.666667,33.0,False,-12.777778,2.0,142.692108,204.196898,145.520535,202.196898,138.449467,207.196898,130.409381,201.001826,True,6.0,0,118.100505,207.0,120.928932,205.0,113.857864,210.0,112.039516,194.19426
SW,walk,18,566.666667,600.0,35.0,False,-9.341564,4.694593,140.262337,204.00964,143.090764,202.00964,136.019697,207.00964,127.567297,201.747873,True,4.0,0,119.514719,206.0,122.343146,204.0,115.272078,209.0,112.759081,194.017908
SW,walk,19,600.0,633.333333,37.0,False,-4.917695,7.064178,137.13419,204.546024,139.962617,202.546024,132.891549,207.546024,124.689321,201.709401,True,2.0,0,120.928932,205.0,123.757359,203.0,116.686292,208.0,113.611404,193.71768
SW,walk,20,633.333333,666.666667,39.0,False,0.0,8.0,133.656854,206.343146,136.485281,204.343146,129.414214,209.343146,122.497126,200.90279,True,0.0,0,122.343146,204.0,125.171573,202.0,118.100505,207.0,114.524878,193.368448
SW,walk,21,666.666667,700.0,41.0,False,4.917695,7.064178,130.179518,209.46372,133.007946,207.46372,125.936878,212.46372,121.435731,200.109054,True,-2.0,0,123.757359,203.0,126.585786,201.0,119.514719,206.0,115.426161,193.0636
SW,walk,22,700.0,733.333333,43.0,False,9.341564,4.694593,127.051371,213.351204,129.879798,211.351204,122.80873,216.351204,121.398768,200.081382,True,-4.0,0,125.171573,202.0,128.0,200.0,120.928932,205.0,116.266534,192.878507
SW,walk,23,733.333333,766.666667,45.0,False,12.777778,2.0,124.621601,216.974675,127.450028,214.974675,120.37896,219.974675,122.01367,200.66479,True,-6.0,0,126.585786,201.0,129.414214,199.0,122.343146,204.0,117.043524,192.834465
SW,walk,24,766.666667,800.0,47.0,False,14.73251,0.24123,123.239396,219.19568,126.067823,217.19568,118.996756,222.19568,122.611924,201.267857,True,-8.0,0,128.0,200.0,130.828427,198.0,123.757359,203.0,117.802296,192.881498
SW,idle,1,0.0,400.0,0,True,0,0,133.656854,212.0,136.485281,210.0,129.414214,215.0,125.448627,201.894191,True,0,0,122.343146,204.0,125.171573,202.0,118.100505,207.0,114.134918,193.894191
SW,idle,2,400.0,800.0,0,True,0,0,133.656854,212.0,136.485281,210.0,129.414214,215.0,125.448627,201.894191,True,0,0,122.343146,204.0,125.171573,202.0,118.100505,207.0,114.134918,193.894191
SW,idle,3,800.0,1200.0,0,True,0,0,133.656854,212.0,136.485281,210.0,129.414214,215.0,125.448627,201.894191,True,0,0,122.343146,204.0,125.171573,202.0,118.100505,207.0,114.134918,193.894191
SW,idle,4,1200.0,1600.0,0,True,0,0,133.656854,212.0,136.485281,210.0,129.414214,215.0,125.448627,201.894191,True,0,0,122.343146,204.0,125.171573,202.0,118.100505,207.0,114.134918,193.894191
SW,idle,5,1600.0,2000.0,0,True,0,0,133.656854,212.0,136.485281,210.0,129.414214,215.0,125.448627,201.894191,True,0,0,122.343146,204.0,125.171573,202.0,118.100505,207.0,114.134918,193.894191
SW,idle,6,2000.0,2400.0,0,True,0,0,133.656854,212.0,136.485281,210.0,129.414214,215.0,125.448627,201.894191,True,0,0,122.343146,204.0,125.171573,202.0,118.100505,207.0,114.134918,193.894191
SW,start,1,0.0,33.333333,0.008742,False,0.20525,0.24123,133.51172,211.93205,136.340148,209.93205,129.26908,214.93205,125.249373,201.900579,True,-0.008742,0,122.349327,203.995629,125.177754,201.995629,118.106686,206.995629,114.13801,193.894055
SW,start,2,33.333333,66.666667,0.12209,False,1.655688,2.0,132.486106,211.41363,135.314533,209.41363,128.243465,214.41363,123.916081,201.81141,True,-0.12209,0,122.429476,203.938955,125.257903,201.938955,118.186836,206.938955,114.178247,193.892185
SW,start,3,66.666667,100.0,0.416022,False,4.110727,4.694593,130.750131,210.735785,133.578559,208.735785,126.507491,213.735785,122.118153,201.221393,True,-0.416022,0,122.637318,203.791989,125.465745,201.791989,118.394677,206.791989,114.283902,193.886387
SW,start,4,100.0,133.333333,0.932876,False,7.132968,7.064178,128.613084,210.571356,131.441511,208.571356,124.370444,213.571356,120.672991,200.102211,True,-0.932876,0,123.002789,203.533562,125.831216,201.533562,118.760148,206.533562,114.47428,193.87275
SW,start,5,133.333333,166.666667,1.705181,False,10.294819,8.0,126.377318,211.490555,129.205745,209.490555,122.134677,214.490555,119.947963,199.116068,True,-1.705181,0,123.548891,203.147409,126.377318,201.147409,119.30625,206.147409,114.769658,193.84371
SW,start,6,166.666667,200.0,2.760139,False,13.174017,7.064178,124.341417,213.591881,127.169844,211.591881,120.098776,216.591881,119.897862,199.029618,True,-2.760139,0,124.294859,202.619931,127.123286,200.619931,120.052218,205.619931,115.194215,193.785885
SW,start,7,200.0,233.333333,4.121474,False,15.351777,4.694593,122.801508,216.35631,125.629936,214.35631,118.558868,219.35631,120.440112,199.830256,True,-4.121474,0,125.257468,201.939263,128.085895,199.939263,121.014827,204.939263,115.777886,193.677129
SW,start,8,233.333333,266.666667,5.81042,False,16.411802,2.0,122.051958,218.791688,124.880385,216.791688,117.809317,221.791688,121.478517,200.823472,True,-5.81042,0,126.451733,201.09479,129.28016,199.09479,122.209092,204.09479,116.557732,193.482488
SW,start,9,266.666667,300.0,7.846318,False,15.93969,0.24123,122.385791,219.79927,125.214218,217.79927,118.143151,222.79927,122.438731,201.377154,True,-7.846318,0,127.89133,200.076841,130.719758,198.076841,123.64869,203.076841,117.579093,193.148697
SW,stop_left,1,0.0,33.333333,1.204115,True,13.795885,0,123.901691,218.897942,126.730118,216.897942,119.65905,221.897942,122.637351,201.461113,False,-9.990123,0.24123,129.40723,198.834363,132.235657,196.834363,125.164589,201.834363,118.618905,192.723796
SW,stop_left,2,33.333333,66.666667,3.611111,True,11.388889,0,125.603694,217.694444,128.432121,215.694444,121.361053,220.694444,122.828571,201.533597,False,-10.833333,2.0,130.003469,197.16912,132.831896,195.16912,125.760829,200.16912,118.240867,192.887824
SW,stop_left,3,66.666667,100.0,5.958848,True,9.041152,0,127.263794,216.520576,130.092221,214.520576,123.021153,219.520576,123.140368,201.635495,False,-10.432099,4.694593,129.719754,195.464372,132.548181,193.464372,125.477113,198.464372,116.957446,193.362138
SW,stop_left,4,100.0,133.333333,8.178189,True,6.821811,0,128.833106,215.410905,131.661533,213.410905,124.590465,218.410905,123.544012,201.73997,False,-9.112346,7.064178,128.786547,194.448699,131.614974,192.448699,124.543906,197.448699,115.478027,193.73711
SW,stop_left,5,133.333333,166.666667,10.2,True,4.8,0,130.262742,214.4,133.091169,212.4,126.020101,217.4,124.003394,201.824961,False,-7.2,8.0,127.434315,194.743146,130.262742,192.743146,123.191674,197.743146,114.177241,193.892234
SW,stop_left,6,166.666667,200.0,11.955144,True,3.044856,0,131.503816,213.522428,134.332243,211.522428,127.261175,216.522428,124.473626,201.87837,False,-5.020988,7.064178,125.89352,196.494378,128.721947,194.494378,121.650879,199.494378,113.345747,193.890844
SW,stop_left,7,200.0,233.333333,13.374486,True,1.625514,0,132.507442,212.812757,135.335869,210.812757,128.264801,215.812757,124.902881,201.900219,False,-2.901235,4.694593,124.394628,199.229804,127.223056,197.229804,120.151988,202.229804,113.185799,193.88039
SW,stop_left,8,233.333333,266.666667,14.388889,True,0.611111,0,133.224733,212.305556,136.053161,210.305556,128.982093,215.305556,125.236661,201.900827,False,-1.166667,2.0,123.168104,202.002453,125.996531,200.002453,118.925463,205.002453,113.585033,193.900124
SW,stop_left,9,266.666667,300.0,14.929218,True,0.070782,0,133.606804,212.035391,136.435231,210.035391,129.364163,215.035391,125.423656,201.895248,False,-0.14321,0.24123,122.44441,203.75782,125.272838,201.75782,118.20177,206.75782,114.058627,193.897191
SW,stop_right,1,0.0,33.333333,1.204115,False,-9.990123,0.24123,140.720938,206.834363,143.549365,204.834363,136.478298,209.834363,129.932613,200.723796,True,13.795885,0,112.587982,210.897942,115.416409,208.897942,108.345341,213.897942,111.323643,193.461113
SW,stop_right,2,33.333333,66.666667,3.611111,False,-10.833333,2.0,141.317178,205.16912,144.145605,203.16912,137.074537,208.16912,129.554576,200.887824,True,11.388889,0,114.289985,209.694444,117.118412,207.694444,110.047344,212.694444,111.514862,193.533597
SW,stop_right,3,66.666667,100.0,5.958848,False,-10.432099,4.694593,141.033462,203.464372,143.861889,201.464372,136.790821,206.464372,128.271154,201.362138,True,9.041152,0,115.950086,208.520576,118.778513,206.520576,111.707445,211.520576,111.826659,193.635495
SW,stop_right,4,100.0,133.333333,8.178189,False,-9.112346,7.064178,140.100256,202.448699,142.928683,200.448699,135.857615,205.448699,126.791736,201.73711,True,6.821811,0,117.519397,207.410905,120.347824,205.410905,113.276756,210.410905,112.230304,193.73997
SW,stop_right,5,133.333333,166.666667,10.2,False,-7.2,8.0,138.748023,202.743146,141.57645,200.743146,134.505382,205.743146,125.49095,201.892234,True,4.8,0,118.949033,206.4,121.77746,204.4,114.706393,209.4,112.689686,193.824961
SW,stop_right,6,166.666667,200.0,11.955144,False,-5.020988,7.064178,137.207229,204.494378,140.035656,202.494378,132.964588,207.494378,124.659455,201.890844,True,3.044856,0,120.190107,205.522428,123.018535,203.522428,115.947467,208.522428,113.159918,193.87837
SW,stop_right,7,200.0,233.333333,13.374486,False,-2.901235,4.694593,135.708337,207.229804,138.536764,205.229804,131.465696,210.229804,124.499507,201.88039,True,1.625514,0,121.193733,204.812757,124.022161,202.812757,116.951093,207.812757,113.589173,193.900219
SW,stop_right,8,233.333333,266.666667,14.388889,False,-1.166667,2.0,134.481812,210.002453,137.310239,208.002453,130.239171,213.002453,124.898742,201.900124,True,0.611111,0,121.911025,204.305556,124.739452,202.305556,117.668384,207.305556,113.922952,193.900827
SW,stop_right,9,266.666667,300.0,14.929218,False,-0.14321,0.24123,133.758119,211.75782,136.586546,209.75782,129.515478,214.75782,125.372336,201.897191,True,0.070782,0,122.293095,204.035391,125.121523,202.035391,118.050455,207.035391,114.109948,193.895248
W,walk,1,0.0,33.333333,1.0,True,14.0,0,114.0,213.656854,118.0,213.656854,108.0,213.656854,112.18794,195.327463,True,-10.0,0,138.0,202.343146,142.0,202.343146,132.0,202.343146,122.727712,188.615526
W,walk,2,33.333333,66.666667,3.0,True,12.0,0,116.0,213.656854,120.0,213.656854,110.0,213.656854,112.055636,195.536362,True,-12.0,0,140.0,202.343146,144.0,202.343146,134.0,202.343146,124.055636,189.143832
W,walk,3,66.666667,100.0,5.0,True,10.0,0,118.0,213.656854,122.0,213.656854,112.0,213.656854,112.212337,195.847166,True,-14.0,0,142.0,202.343146,146.0,202.343146,136.0,202.343146,125.640623,189.497112
W,walk,4,100.0,133.333333,7.0,True,8.0,0,120.0,213.656854,124.0,213.656854,114.0,213.656854,112.671721,196.205568,False,-14.73251,0.24123,142.73251,202.172571,146.73251,202.172571,136.73251,202.172571,126.142446,189.532923
W,walk,5,133.333333,166.666667,9.0,True,6.0,0,122.0,213.656854,126.0,213.656854,116.0,213.656854,113.428467,196.565347,False,-12.777778,2.0,140.777778,200.928932,144.777778,200.928932,134.777778,200.928932,123.40738,189.048661
W,walk,6,166.666667,200.0,11.0,True,4.0,0,124.0,213.656854,128.0,213.656854,118.0,213.656854,114.446086,196.897805,False,-9.341564,4.694593,137.341564,199.023567,141.341564,199.023567,131.341564,199.023567,119.388065,187.785051
W,walk,7,200.0,233.333333,13.0,True,2.0,0,126.0,213.656854,130.0,213.656854,120.0,213.656854,115.651452,197.200261,False,-4.917695,7.064178,132.917695,197.348018,136.917695,197.348018,126.917695,197.348018,115.317993,185.711543
W,walk,8,233.333333,266.666667,15.0,True,0.0,0,128.0,213.656854,132.0,213.656854,122.0,213.656854,116.943299,197.496952,False,0.0,8.0,128.0,196.686292,132.0,196.686292,122.0,196.686292,112.217761,183.354816
W,walk,9,266.666667,300.0,17.0,True,-2.0,0,130.0,213.656854,134.0,213.656854,124.0,213.656854,118.217906,197.829407,False,4.917695,7.064178,123.082305,197.348018,127.082305,197.348018,117.082305,197.348018,110.716721,181.81056
W,walk,10,300.0,333.333333,19.0,True,-4.0,0,132.0,213.656854,136.0,213.656854,126.0,213.656854,119.406373,198.238548,False,9.341564,4.694593,118.658436,199.023567,122.658436,199.023567,112.658436,199.023567,110.664449,181.756752
W,walk,11,333.333333,366.666667,21.0,True,-6.0,0,134.0,213.656854,138.0,213.656854,128.0,213.656854,120.505203,198.743921,False,12.777778,2.0,115.222222,200.928932,119.222222,200.928932,109.222222,200.928932,111.534051,182.774961
W,walk,12,366.666667,400.0,23.0,True,-8.0,0,136.0,213.656854,140.0,213.656854,130.0,213.656854,121.578269,199.327487,False,14.73251,0.24123,113.26749,202.172571,117.26749,202.172571,107.26749,202.172571,112.38011,183.801058
W,walk,13,400.0,433.333333,25.0,True,-10.0,0,138.0,213.656854,142.0,213.656854,132.0,213.656854,122.727712,199.929234,True,14.0,0,114.0,202.343146,118.0,202.343146,108.0,202.343146,112.18794,184.013754
W,walk,14,433.333333,466.666667,27.0,True,-12.0,0,140.0,213.656854,144.0,213.656854,134.0,213.656854,124.055636,200.457541,True,12.0,0,116.0,202.343146,120.0,202.343146,110.0,202.343146,112.055636,184.222654
W,walk,15,466.666667,500.0,29.0,True,-14.0,0,142.0,213.656854,146.0,213.656854,136.0,213.656854,125.640623,200.810821,True,10.0,0,118.0,202.343146,122.0,202.343146,112.0,202.343146,112.212337,184.533458
W,walk,16,500.0,533.333333,31.0,False,-14.73251,0.24123,142.73251,213.486279,146.73251,213.486279,136.73251,213.486279,126.142446,200.846632,True,8.0,0,120.0,202.343146,124.0,202.343146,114.0,202.343146,112.671721,184.891859
W,walk,17,533.333333,566.666667,33.0,False,-12.777778,2.0,140.777778,212.242641,144.777778,212.242641,134.777778,212.242641,123.40738,200.36237,True,6.0,0,122.0,202.343146,126.0,202.343146,116.0,202.343146,113.428467,185.251639
W,walk,18,566.666667,600.0,35.0,False,-9.341564,4.694593,137.341564,210.337276,141.341564,210.337276,131.341564,210.337276,119.388065,199.09876,True,4.0,0,124.0,202.343146,128.0,202.343146,118.0,202.343146,114.446086,185.584096
W,walk,19,600.0,633.333333,37.0,False,-4.917695,7.064178,132.917695,208.661726,136.917695,208.661726,126.917695,208.661726,115.317993,197.025252,True,2.0,0,126.0,202.343146,130.0,202.343146,120.0,202.343146,115.651452,185.886552
W,walk,20,633.333333,666.666667,39.0,False,0.0,8.0,128.0,208.0,132.0,208.0,122.0,208.0,112.217761,194.668525,True,0.0,0,128.0,202.343146,132.0,202.343146,122.0,202.343146,116.943299,186.183243
W,walk,21,666.666667,700.0,41.0,False,4.917695,7.064178,123.082305,208.661726,127.082305,208.661726,117.082305,208.661726,110.716721,193.124269,True,-2.0,0,130.0,202.343146,134.0,202.343146,124.0,202.343146,118.217906,186.515699
W,walk,22,700.0,733.333333,43.0,False,9.341564,4.694593,118.658436,210.337276,122.658436,210.337276,112.658436,210.337276,110.664449,193.070461,True,-4.0,0,132.0,202.343146,136.0,202.343146,126.0,202.343146,119.406373,186.924839
W,walk,23,733.333333,766.666667,45.0,False,12.777778,2.0,115.222222,212.242641,119.222222,212.242641,109.222222,212.242641,111.534051,194.08867,True,-6.0,0,134.0,202.343146,138.0,202.343146,128.0,202.343146,120.505203,187.430212
W,walk,24,766.666667,800.0,47.0,False,14.73251,0.24123,113.26749,213.486279,117.26749,213.486279,107.26749,213.486279,112.38011,195.114766,True,-8.0,0,136.0,202.343146,140.0,202.343146,130.0,202.343146,121.578269,188.013778
W,idle,1,0.0,400.0,0,True,0,0,128.0,213.656854,132.0,213.656854,122.0,213.656854,116.391813,197.746952,True,0,0,128.0,202.343146,132.0,202.343146,122.0,202.343146,116.391813,186.433243
W,idle,2,400.0,800.0,0,True,0,0,128.0,213.656854,132.0,213.656854,122.0,213.656854,116.391813,197.746952,True,0,0,128.0,202.343146,132.0,202.343146,122.0,202.343146,116.391813,186.433243
W,idle,3,800.0,1200.0,0,True,0,0,128.0,213.656854,132.0,213.656854,122.0,213.656854,116.391813,197.746952,True,0,0,128.0,202.343146,132.0,202.343146,122.0,202.343146,116.391813,186.433243
W,idle,4,1200.0,1600.0,0,True,0,0,128.0,213.656854,132.0,213.656854,122.0,213.656854,116.391813,197.746952,True,0,0,128.0,202.343146,132.0,202.343146,122.0,202.343146,116.391813,186.433243
W,idle,5,1600.0,2000.0,0,True,0,0,128.0,213.656854,132.0,213.656854,122.0,213.656854,116.391813,197.746952,True,0,0,128.0,202.343146,132.0,202.343146,122.0,202.343146,116.391813,186.433243
W,idle,6,2000.0,2400.0,0,True,0,0,128.0,213.656854,132.0,213.656854,122.0,213.656854,116.391813,197.746952,True,0,0,128.0,202.343146,132.0,202.343146,122.0,202.343146,116.391813,186.433243
W,start,1,0.0,33.333333,0.008742,False,0.20525,0.24123,127.79475,213.486279,131.79475,213.486279,121.79475,213.486279,116.110026,197.612447,True,-0.008742,0,128.008742,202.343146,132.008742,202.343146,122.008742,202.343146,116.396185,186.435293
W,start,2,33.333333,66.666667,0.12209,False,1.655688,2.0,126.344312,212.242641,130.344312,212.242641,120.344312,212.242641,114.224466,196.580497,True,-0.12209,0,128.12209,202.343146,132.12209,202.343146,122.12209,202.343146,116.453089,186.461875
W,start,3,66.666667,100.0,0.416022,False,4.110727,4.694593,123.889273,210.337276,127.889273,210.337276,117.889273,210.337276,111.681812,194.719153,True,-0.416022,0,128.416022,202.343146,132.416022,202.343146,122.416022,202.343146,116.602508,186.530786
W,start,4,100.0,133.333333,0.932876,False,7.132968,7.064178,120.867032,208.661726,124.867032,208.661726,114.867032,208.661726,109.638045,192.578088,True,-0.932876,0,128.932876,202.343146,132.932876,202.343146,122.932876,202.343146,116.871744,186.651768
W,start,5,133.333333,166.666667,1.705181,False,10.294819,8.0,117.705181,208.0,121.705181,208.0,111.705181,208.0,108.612701,191.079273,True,-1.705181,0,129.705181,202.343146,133.705181,202.343146,123.705181,202.343146,117.289471,186.831591
W,start,6,166.666667,200.0,2.760139,False,13.174017,7.064178,114.825983,208.661726,118.825983,208.661726,108.825983,208.661726,108.541846,190.957395,True,-2.760139,0,130.760139,202.343146,134.760139,202.343146,124.760139,202.343146,117.889885,187.073973
W,start,7,200.0,233.333333,4.121474,False,15.351777,4.694593,112.648223,210.337276,116.648223,210.337276,106.648223,210.337276,109.308704,192.141462,True,-4.121474,0,132.121474,202.343146,136.121474,202.343146,126.121474,202.343146,118.71532,187.377935
W,start,8,233.333333,266.666667,5.81042,False,16.411802,2.0,111.588198,212.242641,115.588198,212.242641,105.588198,212.242641,110.77723,193.868941,True,-5.81042,0,133.81042,202.343146,137.81042,202.343146,127.81042,202.343146,119.818189,187.734729
W,start,9,266.666667,300.0,7.846318,False,15.93969,0.24123,112.06031,213.486279,116.06031,213.486279,106.06031,213.486279,112.135178,195.101597,True,-7.846318,0,135.846318,202.343146,139.846318,202.343146,129.846318,202.343146,121.262612,188.123148
W,stop_left,1,0.0,33.333333,1.204115,True,13.795885,0,114.204115,213.656854,118.204115,213.656854,108.204115,213.656854,112.416069,195.326002,False,-9.990123,0.24123,137.990123,202.172571,141.990123,202.172571,131.990123,202.172571,122.733128,188.433506
W,stop_left,2,33.333333,66.666667,3.611111,True,11.388889,0,116.611111,213.656854,120.611111,213.656854,110.611111,213.656854,112.686495,195.533699,False,-10.833333,2.0,138.833333,200.928932,142.833333,200.928932,132.833333,200.928932,122.198502,188.33022
W,stop_left,3,66.666667,100.0,5.958848,True,9.041152,0,118.958848,213.656854,122.958848,213.656854,112.958848,213.656854,113.127442,195.85607,False,-10.432099,4.694593,138.432099,199.023567,142.432099,199.023567,132.432099,199.023567,120.38347,187.897019
W,stop_left,4,100.0,133.333333,8.178189,True,6.821811,0,121.178189,213.656854,125.178189,213.656854,115.178189,213.656854,113.698282,196.245965,False,-9.112346,7.064178,137.112346,197.348018,141.112346,197.348018,131.112346,197.348018,118.291256,187.225884
W,stop_left,5,133.333333,166.666667,10.2,True,4.8,0,123.2,213.656854,127.2,213.656854,117.2,213.656854,114.347946,196.655788,False,-7.2,8.0,135.2,196.686292,139.2,196.686292,129.2,196.686292,116.451667,186.461213
W,stop_left,6,166.666667,200.0,11.955144,True,3.044856,0,124.955144,213.656854,128.955144,213.656854,118.955144,213.656854,115.012954,197.041701,False,-5.020988,7.064178,133.020988,197.348018,137.020988,197.348018,127.020988,197.348018,115.275756,185.871868
W,stop_left,7,200.0,233.333333,13.374486,True,1.625514,0,126.374486,213.656854,130.374486,213.656854,120.374486,213.656854,115.620012,197.36708,False,-2.901235,4.694593,130.901235,199.023567,134.901235,199.023567,124.901235,199.023567,115.049556,185.748314
W,stop_left,8,233.333333,266.666667,14.388889,True,0.611111,0,127.388889,213.656854,131.388889,213.656854,121.388889,213.656854,116.092048,197.603705,False,-1.166667,2.0,129.166667,200.928932,133.166667,200.928932,123.166667,200.928932,115.614159,186.050349
W,stop_left,9,266.666667,300.0,14.929218,True,0.070782,0,127.929218,213.656854,131.929218,213.656854,121.929218,213.656854,116.3565,197.730352,False,-0.14321,0.24123,128.14321,202.172571,132.14321,202.172571,122.14321,202.172571,116.283921,186.382297
W,stop_right,1,0.0,33.333333,1.204115,False,-9.990123,0.24123,137.990123,213.486279,141.990123,213.486279,131.990123,213.486279,122.733128,199.747214,True,13.795885,0,114.204115,202.343146,118.204115,202.343146,108.204115,202.343146,112.416069,184.012293
W,stop_right,2,33.333333,66.666667,3.611111,False,-10.833333,2.0,138.833333,212.242641,142.833333,212.242641,132.833333,212.242641,122.198502,199.643929,True,11.388889,0,116.611111,202.343146,120.611111,202.343146,110.611111,202.343146,112.686495,184.219991
W,stop_right,3,66.666667,100.0,5.958848,False,-10.432099,4.694593,138.432099,210.337276,142.432099,210.337276,132.432099,210.337276,120.38347,199.210727,True,9.041152,0,118.958848,202.343146,122.958848,202.343146,112.958848,202.343146,113.127442,184.542362
W,stop_right,4,100.0,133.333333,8.178189,False,-9.112346,7.064178,137.112346,208.661726,141.112346,208.661726,131.112346,208.661726,118.291256,198.539593,True,6.821811,0,121.178189,202.343146,125.178189,202.343146,115.178189,202.343146,113.698282,184.932256
W,stop_right,5,133.333333,166.666667,10.2,False,-7.2,8.0,135.2,208.0,139.2,208.0,129.2,208.0,116.451667,197.774922,True,4.8,0,123.2,202.343146,127.2,202.343146,117.2,202.343146,114.347946,185.342079
W,stop_right,6,166.666667,200.0,11.955144,False,-5.020988,7.064178,133.020988,208.661726,137.020988,208.661726,127.020988,208.661726,115.275756,197.185576,True,3.044856,0,124.955144,202.343146,128.955144,202.343146,118.955144,202.343146,115.012954,185.727993
W,stop_right,7,200.0,233.333333,13.374486,False,-2.901235,4.694593,130.901235,210.337276,134.901235,210.337276,124.901235,210.337276,115.049556,197.062022,True,1.625514,0,126.374486,202.343146,130.374486,202.343146,120.374486,202.343146,115.620012,186.053371
W,stop_right,8,233.333333,266.666667,14.388889,False,-1.166667,2.0,129.166667,212.242641,133.166667,212.242641,123.166667,212.242641,115.614159,197.364058,True,0.611111,0,127.388889,202.343146,131.388889,202.343146,121.388889,202.343146,116.092048,186.289996
W,stop_right,9,266.666667,300.0,14.929218,False,-0.14321,0.24123,128.14321,213.486279,132.14321,213.486279,122.14321,213.486279,116.283921,197.696006,True,0.070782,0,127.929218,202.343146,131.929218,202.343146,121.929218,202.343146,116.3565,186.416643
NW,walk,1,0.0,33.333333,1.0,True,14.0,0,112.443651,205.0,115.272078,207.0,108.20101,202.0,111.162331,185.764579,True,-10.0,0,140.727922,209.0,143.556349,211.0,136.485281,206.0,129.928784,187.636236
NW,walk,2,33.333333,66.666667,3.0,True,12.0,0,113.857864,206.0,116.686292,208.0,109.615224,203.0,111.068778,185.907326,True,-12.0,0,142.142136,210.0,144.970563,212.0,137.899495,207.0,130.867768,188.828505
NW,walk,3,66.666667,100.0,5.0,True,10.0,0,115.272078,207.0,118.100505,209.0,111.029437,204.0,111.179582,186.29648,True,-14.0,0,143.556349,211.0,146.384776,213.0,139.313708,208.0,131.988523,189.974278
NW,walk,4,100.0,133.333333,7.0,True,8.0,0,116.686292,208.0,119.514719,210.0,112.443651,205.0,111.504416,186.884574,False,-14.73251,0.24123,144.074312,211.19568,146.902739,213.19568,139.831671,208.19568,132.343365,190.261001
NW,walk,5,133.333333,166.666667,9.0,True,6.0,0,118.100505,209.0,120.928932,211.0,113.857864,206.0,112.039516,187.622726,False,-12.777778,2.0,142.692108,208.974675,145.520535,210.974675,138.449467,205.974675,130.409381,188.409205
NW,walk,6,166.666667,200.0,11.0,True,4.0,0,119.514719,210.0,122.343146,212.0,115.272078,207.0,112.759081,188.463994,False,-9.341564,4.694593,140.262337,205.351204,143.090764,207.351204,136.019697,202.351204,127.567297,185.135938
NW,walk,7,200.0,233.333333,13.0,True,2.0,0,120.928932,211.0,123.757359,213.0,116.686292,208.0,113.611404,189.369133,False,-4.917695,7.064178,137.13419,201.46372,139.962617,203.46372,132.891549,198.46372,124.689321,181.027394
NW,walk,8,233.333333,266.666667,15.0,True,0.0,0,122.343146,212.0,125.171573,214.0,118.100505,209.0,114.524878,190.311747,False,0.0,8.0,133.656854,198.343146,136.485281,200.343146,129.414214,195.343146,122.497126,177.120551
NW,walk,9,266.666667,300.0,17.0,True,-2.0,0,123.757359,213.0,126.585786,215.0,119.514719,210.0,115.426161,191.281506,False,4.917695,7.064178,130.179518,196.546024,133.007946,198.546024,125.936878,193.546024,121.435731,174.825775
NW,walk,10,300.0,333.333333,19.0,True,-4.0,0,125.171573,214.0,128.0,216.0,120.928932,211.0,116.266534,192.28488,False,9.341564,4.694593,127.051371,196.00964,129.879798,198.00964,122.80873,193.00964,121.398768,174.745831
NW,walk,11,333.333333,366.666667,21.0,True,-6.0,0,126.585786,215.0,129.414214,217.0,122.343146,212.0,117.043524,193.339668,False,12.777778,2.0,124.621601,196.196898,127.450028,198.196898,120.37896,193.196898,122.01367,176.198841
NW,walk,12,366.666667,400.0,23.0,True,-8.0,0,128.0,216.0,130.828427,218.0,123.757359,213.0,117.802296,194.459767,False,14.73251,0.24123,123.239396,196.46317,126.067823,198.46317,118.996756,193.46317,122.611924,177.647967
NW,walk,13,400.0,433.333333,25.0,True,-10.0,0,129.414214,217.0,132.242641,219.0,125.171573,214.0,118.615075,195.636236,True,14.0,0,123.757359,197.0,126.585786,199.0,119.514719,194.0,122.47604,177.764579
NW,walk,14,433.333333,466.666667,27.0,True,-12.0,0,130.828427,218.0,133.656854,220.0,126.585786,215.0,119.554059,196.828505,True,12.0,0,125.171573,198.0,128.0,200.0,120.928932,195.0,122.382487,177.907326
NW,walk,15,466.666667,500.0,29.0,True,-14.0,0,132.242641,219.0,135.071068,221.0,128.0,216.0,120.674815,197.974278,True,10.0,0,126.585786,199.0,129.414214,201.0,122.343146,196.0,122.493291,178.29648
NW,walk,16,500.0,533.333333,31.0,False,-14.73251,0.24123,132.760604,219.19568,135.589031,221.19568,128.517963,216.19568,121.029657,198.261001,True,8.0,0,128.0,200.0,130.828427,202.0,123.757359,197.0,122.818124,178.884574
NW,walk,17,533.333333,566.666667,33.0,False,-12.777778,2.0,131.378399,216.974675,134.206826,218.974675,127.135758,213.974675,119.095673,196.409205,True,6.0,0,129.414214,201.0,132.242641,203.0,125.171573,198.0,123.353224,179.622726
NW,walk,18,566.666667,600.0,35.0,False,-9.341564,4.694593,128.948629,213.351204,131.777056,215.351204,124.705988,210.351204,116.253588,193.135938,True,4.0,0,130.828427,202.0,133.656854,204.0,126.585786,199.0,124.07279,180.463994
NW,walk,19,600.0,633.333333,37.0,False,-4.917695,7.064178,125.820482,209.46372,128.648909,211.46372,121.577841,206.46372,113.375613,189.027394,True,2.0,0,132.242641,203.0,135.071068,205.0,128.0,200.0,124.925112,181.369133
NW,walk,20,633.333333,666.666667,39.0,False,0.0,8.0,122.343146,206.343146,125.171573,208.343146,118.100505,203.343146,111.183418,185.120551,True,0.0,0,133.656854,204.0,136.485281,206.0,129.414214,201.0,125.838586,182.311747
NW,walk,21,666.666667,700.0,41.0,False,4.917695,7.064178,118.86581,204.546024,121.694237,206.546024,114.623169,201.546024,110.122022,182.825775,True,-2.0,0,135.071068,205.0,137.899495,207.0,130.828427,202.0,126.739869,183.281506
NW,walk,22,700.0,733.333333,43.0,False,9.341564,4.694593,115.737663,204.00964,118.56609,206.00964,111.495022,201.00964,110.08506,182.745831,True,-4.0,0,136.485281,206.0,139.313708,208.0,132.242641,203.0,127.580243,184.28488
NW,walk,23,733.333333,766.666667,45.0,False,12.777778,2.0,113.307892,204.196898,116.13632,206.196898,109.065252,201.196898,110.699961,184.198841,True,-6.0,0,137.899495,207.0,140.727922,209.0,133.656854,204.0,128.357232,185.339668
NW,walk,24,766.666667,800.0,47.0,False,14.73251,0.24123,111.925688,204.46317,114.754115,206.46317,107.683047,201.46317,111.298215,185.647967,True,-8.0,0,139.313708,208.0,142.142136,210.0,135.071068,205.0,129.116005,186.459767
NW,idle,1,0.0,400.0,0,True,0,0,122.343146,212.0,125.171573,214.0,118.100505,209.0,114.134918,190.286004,True,0,0,133.656854,204.0,136.485281,206.0,129.414214,201.0,125.448627,182.286004
NW,idle,2,400.0,800.0,0,True,0,0,122.343146,212.0,125.171573,214.0,118.100505,209.0,114.134918,190.286004,True,0,0,133.656854,204.0,136.485281,206.0,129.414214,201.0,125.448627,182.286004
NW,idle,3,800.0,1200.0,0,True,0,0,122.343146,212.0,125.171573,214.0,118.100505,209.0,114.134918,190.286004,True,0,0,133.656854,204.0,136.485281,206.0,129.414214,201.0,125.448627,182.286004
NW,idle,4,1200.0,1600.0,0,True,0,0,122.343146,212.0,125.171573,214.0,118.100505,209.0,114.134918,190.286004,True,0,0,133.656854,204.0,136.485281,206.0,129.414214,201.0,125.448627,182.286004
NW,idle,5,1600.0,2000.0,0,True,0,0,122.343146,212.0,125.171573,214.0,118.100505,209.0,114.134918,190.286004,True,0,0,133.656854,204.0,136.485281,206.0,129.414214,201.0,125.448627,182.286004
NW,idle,6,2000.0,2400.0,0,True,0,0,122.343146,212.0,125.171573,214.0,118.100505,209.0,114.134918,190.286004,True,0,0,133.656854,204.0,136.485281,206.0,129.414214,201.0,125.448627,182.286004
NW,start,1,0.0,33.333333,0.008742,False,0.20525,0.24123,122.198012,211.7268,125.026439,213.7268,117.955371,208.7268,113.935665,190.010605,True,-0.008742,0,133.663035,204.004371,136.491463,206.004371,129.420395,201.004371,125.451718,182.29024
NW,start,2,33.333333,66.666667,0.12209,False,1.655688,2.0,121.172398,209.757942,124.000825,211.757942,116.929757,206.757942,112.602372,188.035876,True,-0.12209,0,133.743185,204.061045,136.571612,206.061045,129.500544,201.061045,125.491955,182.345274
NW,start,3,66.666667,100.0,0.416022,False,4.110727,4.694593,119.436423,206.625058,122.26485,208.625058,115.193782,203.625058,110.804445,184.903205,True,-0.416022,0,133.951026,204.208011,136.779453,206.208011,129.708386,201.208011,125.59761,182.488895
NW,start,4,100.0,133.333333,0.932876,False,7.132968,7.064178,117.299376,203.438388,120.127803,205.438388,113.056735,200.438388,109.359283,181.740256,True,-0.932876,0,134.316497,204.466438,137.144924,206.466438,130.073856,201.466438,125.787989,182.744494
NW,start,5,133.333333,166.666667,1.705181,False,10.294819,8.0,115.06361,201.195736,117.892037,203.195736,110.820969,198.195736,108.634255,179.728769,True,-1.705181,0,134.862599,204.852591,137.691027,206.852591,130.619959,201.852591,126.083367,183.133181
NW,start,6,166.666667,200.0,2.760139,False,13.174017,7.064178,113.027709,200.417863,115.856136,202.417863,108.785068,197.417863,108.584153,179.571464,True,-2.760139,0,135.608567,205.380069,138.436994,207.380069,131.365927,202.380069,126.507923,183.67577
NW,start,7,200.0,233.333333,4.121474,False,15.351777,4.694593,111.4878,201.004533,114.316227,203.004533,107.245159,198.004533,109.126404,181.13896,True,-4.121474,0,136.571176,206.060737,139.399603,208.060737,132.328536,203.060737,127.091594,184.392449
NW,start,8,233.333333,266.666667,5.81042,False,16.411802,2.0,110.738249,202.379885,113.566676,204.379885,106.495608,199.379885,110.164808,183.600702,True,-5.81042,0,137.765442,206.90521,140.593869,208.90521,133.522801,203.90521,127.87144,185.300678
NW,start,9,266.666667,300.0,7.846318,False,15.93969,0.24123,111.072083,203.85958,113.90051,205.85958,106.829442,200.85958,111.125023,185.512332,True,-7.846318,0,139.205039,207.923159,142.033466,209.923159,134.962398,204.923159,128.892801,186.411309
NW,stop_left,1,0.0,33.333333,1.204115,True,13.795885,0,112.587982,205.102058,115.416409,207.102058,108.345341,202.102058,111.323643,185.877182,False,-9.990123,0.24123,140.720938,208.824487,143.549365,210.824487,136.478298,205.824487,129.932613,187.456924
NW,stop_left,2,33.333333,66.666667,3.611111,True,11.388889,0,114.289985,206.305556,117.118412,208.305556,110.047344,203.305556,111.514862,186.220092,False,-10.833333,2.0,141.317178,208.002453,144.145605,210.002453,137.074537,205.002453,129.554576,187.086326
NW,stop_left,3,66.666667,100.0,5.958848,True,9.041152,0,115.950086,207.479424,118.778513,209.479424,111.707445,204.479424,111.826659,186.762937,False,-10.432099,4.694593,141.033462,205.896471,143.861889,207.896471,136.790821,202.896471,128.271154,185.745608
NW,stop_left,4,100.0,133.333333,8.178189,True,6.821811,0,117.519397,208.589095,120.347824,210.589095,113.276756,205.589095,112.230304,187.438251,False,-9.112346,7.064178,140.100256,203.561045,142.928683,205.561045,135.857615,200.561045,126.791736,184.028367
NW,stop_left,5,133.333333,166.666667,10.2,True,4.8,0,118.949033,209.6,121.77746,211.6,114.706393,206.6,112.689686,188.172906,False,-7.2,8.0,138.748023,201.943146,141.57645,203.943146,134.505382,198.943146,125.49095,182.343901
NW,stop_left,6,166.666667,200.0,11.955144,True,3.044856,0,120.190107,210.477572,123.018535,212.477572,115.947467,207.477572,113.159918,188.891324,False,-5.020988,7.064178,137.207229,201.515366,140.035656,203.515366,132.964588,198.515366,124.659455,181.1666
NW,stop_left,7,200.0,233.333333,13.374486,True,1.625514,0,121.193733,211.187243,124.022161,213.187243,116.951093,208.187243,113.589173,189.520232,False,-2.901235,4.694593,135.708337,202.131039,138.536764,204.131039,131.465696,199.131039,124.499507,180.929946
NW,stop_left,8,233.333333,266.666667,14.388889,True,0.611111,0,121.911025,211.694444,124.739452,213.694444,117.668384,208.694444,113.922952,189.992875,False,-1.166667,2.0,134.481812,203.16912,137.310239,205.16912,130.239171,200.16912,124.898742,181.514283
NW,stop_left,9,266.666667,300.0,14.929218,True,0.070782,0,122.293095,211.964609,125.121523,213.964609,118.050455,208.964609,114.109948,190.251748,False,-0.14321,0.24123,133.758119,203.90103,136.586546,205.90103,129.515478,200.90103,125.372336,182.181112
NW,stop_right,1,0.0,33.333333,1.204115,False,-9.990123,0.24123,129.40723,216.824487,132.235657,218.824487,125.164589,213.824487,118.618905,195.456924,True,13.795885,0,123.901691,197.102058,126.730118,199.102058,119.65905,194.102058,122.637351,177.877182
NW,stop_right,2,33.333333,66.666667,3.611111,False,-10.833333,2.0,130.003469,216.002453,132.831896,218.002453,125.760829,213.002453,118.240867,195.086326,True,11.388889,0,125.603694,198.305556,128.432121,200.305556,121.361053,195.305556,122.828571,178.220092
NW,stop_right,3,66.666667,100.0,5.958848,False,-10.432099,4.694593,129.719754,213.896471,132.548181,215.896471,125.477113,210.896471,116.957446,193.745608,True,9.041152,0,127.263794,199.479424,130.092221,201.479424,123.021153,196.479424,123.140368,178.762937
NW,stop_right,4,100.0,133.333333,8.178189,False,-9.112346,7.064178,128.786547,211.561045,131.614974,213.561045,124.543906,208.561045,115.478027,192.028367,True,6.821811,0,128.833106,200.589095,131.661533,202.589095,124.590465,197.589095,123.544012,179.438251
NW,stop_right,5,133.333333,166.666667,10.2,False,-7.2,8.0,127.434315,209.943146,130.262742,211.943146,123.191674,206.943146,114.177241,190.343901,True,4.8,0,130.262742,201.6,133.091169,203.6,126.020101,198.6,124.003394,180.172906
NW,stop_right,6,166.666667,200.0,11.955144,False,-5.020988,7.064178,125.89352,209.515366,128.721947,211.515366,121.650879,206.515366,113.345747,189.1666,True,3.044856,0,131.503816,202.477572,134.332243,204.477572,127.261175,199.477572,124.473626,180.891324
NW,stop_right,7,200.0,233.333333,13.374486,False,-2.901235,4.694593,124.394628,210.131039,127.223056,212.131039,120.151988,207.131039,113.185799,188.929946,True,1.625514,0,132.507442,203.187243,135.335869,205.187243,128.264801,200.187243,124.902881,181.520232
NW,stop_right,8,233.333333,266.666667,14.388889,False,-1.166667,2.0,123.168104,211.16912,125.996531,213.16912,118.925463,208.16912,113.585033,189.514283,True,0.611111,0,133.224733,203.694444,136.053161,205.694444,128.982093,200.694444,125.236661,181.992875
NW,stop_right,9,266.666667,300.0,14.929218,False,-0.14321,0.24123,122.44441,211.90103,125.272838,213.90103,118.20177,208.90103,114.058627,190.181112,True,0.070782,0,133.606804,203.964609,136.435231,205.964609,129.364163,200.964609,125.423656,182.251748
